{"stats":{"minecraft:crafted":{"minecraft:dark_oak_planks":24,"minecraft:crafting_table":1},"minecraft:used":{"minecraft:melon_slice":7,"minecraft:egg":1},"minecraft:custom":{"minecraft:time_since_rest":16409,"minecraft:crouch_one_cm":223,"minecraft:play_time":16409,"minecraft:sprint_one_cm":11108,"minecraft:damage_taken":90,"minecraft:walk_one_cm":50438,"minecraft:sneak_time":159,"minecraft:jump":250,"minecraft:time_since_death":16409,"minecraft:walk_on_water_one_cm":51,"minecraft:total_world_time":16409,"minecraft:climb_one_cm":800,"minecraft:fly_one_cm":19440,"minecraft:fall_one_cm":5410},"minecraft:picked_up":{"minecraft:dark_oak_sapling":1,"minecraft:red_mushroom":16,"minecraft:melon_slice":11,"minecraft:dark_oak_log":6,"minecraft:egg":1},"minecraft:mined":{"minecraft:grass":1,"minecraft:melon":2,"minecraft:dark_oak_leaves":2,"minecraft:mushroom_stem":4,"minecraft:red_mushroom_block":45,"minecraft:dark_oak_log":6,"minecraft:fern":1}},"DataVersion":3465}