{"stats":{"minecraft:crafted":{"minecraft:oak_planks":4,"minecraft:cooked_porkchop":6,"minecraft:crafting_table":2,"minecraft:stick":8,"minecraft:wooden_pickaxe":1,"minecraft:cooked_chicken":5,"minecraft:stone_pickaxe":1,"minecraft:stone_sword":1,"minecraft:furnace":1,"minecraft:dark_oak_planks":24},"minecraft:killed":{"minecraft:zombie":1,"minecraft:pig":8,"minecraft:chicken":7,"minecraft:spider":1,"minecraft:cow":1},"minecraft:used":{"minecraft:stone_sword":88,"minecraft:stone_pickaxe":10,"minecraft:melon_slice":11,"minecraft:wooden_pickaxe":31,"minecraft:crafting_table":3,"minecraft:furnace":1,"minecraft:cooked_porkchop":1,"minecraft:egg":1,"minecraft:dark_oak_sapling":1},"minecraft:custom":{"minecraft:time_since_rest":28409,"minecraft:interact_with_furnace":16,"minecraft:sprint_one_cm":25026,"minecraft:damage_taken":150,"minecraft:walk_one_cm":100478,"minecraft:mob_kills":18,"minecraft:drop":1,"minecraft:damage_dealt":1569,"minecraft:swim_one_cm":2241,"minecraft:interact_with_crafting_table":5,"minecraft:fly_one_cm":53747,"minecraft:crouch_one_cm":393,"minecraft:play_time":28409,"minecraft:sneak_time":234,"minecraft:walk_under_water_one_cm":1381,"minecraft:jump":501,"minecraft:walk_on_water_one_cm":1256,"minecraft:time_since_death":28409,"minecraft:climb_one_cm":800,"minecraft:total_world_time":28409,"minecraft:fall_one_cm":13282},"minecraft:picked_up":{"minecraft:dark_oak_sapling":1,"minecraft:crafting_table":1,"minecraft:feather":3,"minecraft:chicken":7,"minecraft:red_mushroom":18,"minecraft:porkchop":17,"minecraft:oak_log":1,"minecraft:spider_eye":1,"minecraft:dark_oak_log":6,"minecraft:wheat_seeds":3,"minecraft:peony":2,"minecraft:beef":1,"minecraft:melon_slice":11,"minecraft:coal":21,"minecraft:cobblestone":20,"minecraft:egg":1},"minecraft:mined":{"minecraft:dark_oak_leaves":2,"minecraft:dark_oak_log":6,"minecraft:birch_leaves":1,"minecraft:peony":2,"minecraft:crafting_table":1,"minecraft:grass":6,"minecraft:coal_ore":21,"minecraft:melon":2,"minecraft:mushroom_stem":4,"minecraft:red_mushroom_block":46,"minecraft:stone":20,"minecraft:fern":1},"minecraft:dropped":{"minecraft:wooden_pickaxe":1}},"DataVersion":3465}