{"stats":{"minecraft:crafted":{"minecraft:cooked_beef":1,"minecraft:oak_planks":4,"minecraft:cooked_porkchop":17,"minecraft:crafting_table":3,"minecraft:wooden_pickaxe":1,"minecraft:cooked_chicken":7,"minecraft:iron_sword":1,"minecraft:furnace":2,"minecraft:shield":1,"minecraft:stick":12,"minecraft:iron_ingot":6,"minecraft:iron_pickaxe":1,"minecraft:stone_pickaxe":1,"minecraft:stone_sword":1,"minecraft:torch":12,"minecraft:dark_oak_planks":24},"minecraft:killed":{"minecraft:pig":8,"minecraft:spider":1,"minecraft:zombie":2,"minecraft:chicken":7,"minecraft:cow":1},"minecraft:used":{"minecraft:diorite":7,"minecraft:stone_sword":94,"minecraft:stone_pickaxe":135,"minecraft:wooden_pickaxe":31,"minecraft:torch":6,"minecraft:crafting_table":4,"minecraft:melon_slice":11,"minecraft:iron_pickaxe":41,"minecraft:cobblestone":4,"minecraft:furnace":2,"minecraft:cooked_porkchop":1,"minecraft:egg":1,"minecraft:dark_oak_sapling":1},"minecraft:custom":{"minecraft:interact_with_furnace":34,"minecraft:mob_kills":19,"minecraft:interact_with_crafting_table":9,"minecraft:time_since_death":40409,"minecraft:climb_one_cm":1324,"minecraft:time_since_rest":40409,"minecraft:sprint_one_cm":28206,"minecraft:damage_taken":185,"minecraft:walk_one_cm":138141,"minecraft:drop":2,"minecraft:damage_dealt":1768,"minecraft:fly_one_cm":56595,"minecraft:swim_one_cm":2241,"minecraft:crouch_one_cm":556,"minecraft:play_time":40409,"minecraft:sneak_time":377,"minecraft:walk_under_water_one_cm":1381,"minecraft:jump":623,"minecraft:walk_on_water_one_cm":3093,"minecraft:total_world_time":40409,"minecraft:fall_one_cm":14993},"minecraft:picked_up":{"minecraft:crafting_table":1,"minecraft:feather":3,"minecraft:chicken":7,"minecraft:clay_ball":36,"minecraft:andesite":14,"minecraft:red_mushroom":18,"minecraft:oak_log":1,"minecraft:wheat_seeds":3,"minecraft:raw_gold":7,"minecraft:beef":1,"minecraft:melon_slice":11,"minecraft:flowering_azalea":2,"minecraft:egg":1,"minecraft:dark_oak_sapling":1,"minecraft:raw_iron":36,"minecraft:torch":1,"minecraft:porkchop":17,"minecraft:diorite":14,"minecraft:redstone":9,"minecraft:dark_oak_log":6,"minecraft:spider_eye":1,"minecraft:rotten_flesh":2,"minecraft:peony":2,"minecraft:granite":5,"minecraft:coal":64,"minecraft:cobblestone":45},"minecraft:mined":{"minecraft:flowering_azalea":4,"minecraft:dark_oak_leaves":2,"minecraft:dark_oak_log":6,"minecraft:clay":9,"minecraft:crafting_table":1,"minecraft:torch":1,"minecraft:granite":5,"minecraft:melon":2,"minecraft:mushroom_stem":4,"minecraft:tall_grass":1,"minecraft:moss_block":1,"minecraft:diorite":14,"minecraft:redstone_ore":3,"minecraft:iron_ore":34,"minecraft:birch_leaves":1,"minecraft:andesite":14,"minecraft:peony":2,"minecraft:grass":7,"minecraft:coal_ore":65,"minecraft:deepslate_iron_ore":2,"minecraft:red_mushroom_block":46,"minecraft:stone":47,"minecraft:gold_ore":7,"minecraft:fern":1},"minecraft:dropped":{"minecraft:stone_sword":1,"minecraft:wooden_pickaxe":1},"minecraft:broken":{"minecraft:stone_pickaxe":1}},"DataVersion":3465}