{"stats":{"minecraft:crafted":{"minecraft:cooked_beef":1,"minecraft:oak_planks":4,"minecraft:diamond_sword":1,"minecraft:cooked_porkchop":17,"minecraft:crafting_table":4,"minecraft:wooden_pickaxe":1,"minecraft:cooked_chicken":7,"minecraft:iron_sword":1,"minecraft:furnace":2,"minecraft:shield":1,"minecraft:stick":20,"minecraft:iron_ingot":6,"minecraft:iron_pickaxe":1,"minecraft:stone_pickaxe":1,"minecraft:stone_sword":1,"minecraft:torch":44,"minecraft:dark_oak_planks":40},"minecraft:killed":{"minecraft:pig":10,"minecraft:spider":1,"minecraft:skeleton":8,"minecraft:zombie":3,"minecraft:chicken":8,"minecraft:cow":1},"minecraft:custom":{"minecraft:interact_with_furnace":34,"minecraft:mob_kills":32,"minecraft:interact_with_crafting_table":11,"minecraft:leave_game":1,"minecraft:time_since_death":72179,"minecraft:climb_one_cm":2236,"minecraft:time_since_rest":72179,"minecraft:sprint_one_cm":51470,"minecraft:damage_taken":925,"minecraft:walk_one_cm":243255,"minecraft:damage_blocked_by_shield":1135,"minecraft:drop":7,"minecraft:damage_dealt":3736,"minecraft:fly_one_cm":105725,"minecraft:swim_one_cm":4584,"minecraft:crouch_one_cm":1779,"minecraft:play_time":72179,"minecraft:sneak_time":892,"minecraft:walk_under_water_one_cm":5521,"minecraft:boat_one_cm":58604,"minecraft:jump":1466,"minecraft:walk_on_water_one_cm":19109,"minecraft:total_world_time":72179,"minecraft:fall_one_cm":36186},"minecraft:used":{"minecraft:moss_block":2,"minecraft:diorite":14,"minecraft:stone_sword":94,"minecraft:stone_pickaxe":135,"minecraft:shield":41,"minecraft:wooden_pickaxe":31,"minecraft:iron_sword":62,"minecraft:cooked_chicken":7,"minecraft:torch":18,"minecraft:crafting_table":5,"minecraft:melon_slice":11,"minecraft:iron_pickaxe":264,"minecraft:cobblestone":27,"minecraft:furnace":2,"minecraft:cooked_porkchop":4,"minecraft:egg":1,"minecraft:cooked_beef":1,"minecraft:dark_oak_sapling":1},"minecraft:picked_up":{"minecraft:crafting_table":2,"minecraft:feather":4,"minecraft:chicken":8,"minecraft:clay_ball":44,"minecraft:andesite":26,"minecraft:red_mushroom":18,"minecraft:oak_log":1,"minecraft:dirt":19,"minecraft:moss_carpet":7,"minecraft:bone":10,"minecraft:wheat_seeds":4,"minecraft:cobbled_deepslate":30,"minecraft:raw_gold":22,"minecraft:beef":1,"minecraft:azalea":1,"minecraft:sugar_cane":13,"minecraft:moss_block":13,"minecraft:melon_slice":11,"minecraft:flowering_azalea":9,"minecraft:egg":1,"minecraft:dark_oak_sapling":1,"minecraft:raw_iron":72,"minecraft:torch":3,"minecraft:porkchop":20,"minecraft:diorite":15,"minecraft:redstone":9,"minecraft:dark_oak_log":10,"minecraft:spider_eye":1,"minecraft:arrow":7,"minecraft:rotten_flesh":3,"minecraft:diamond":2,"minecraft:peony":2,"minecraft:granite":7,"minecraft:coal":81,"minecraft:cobblestone":124},"minecraft:mined":{"minecraft:flowering_azalea":11,"minecraft:dark_oak_leaves":2,"minecraft:deepslate_diamond_ore":2,"minecraft:dark_oak_log":10,"minecraft:cave_vines_plant":1,"minecraft:clay":11,"minecraft:crafting_table":2,"minecraft:glow_lichen":1,"minecraft:torch":2,"minecraft:granite":7,"minecraft:grass_block":2,"minecraft:melon":2,"minecraft:mushroom_stem":4,"minecraft:tall_grass":3,"minecraft:deepslate_coal_ore":2,"minecraft:deepslate_gold_ore":11,"minecraft:sugar_cane":7,"minecraft:moss_block":4,"minecraft:diorite":14,"minecraft:wall_torch":1,"minecraft:redstone_ore":3,"minecraft:iron_ore":51,"minecraft:birch_leaves":1,"minecraft:andesite":24,"minecraft:peony":2,"minecraft:grass":10,"minecraft:coal_ore":81,"minecraft:cave_vines":1,"minecraft:deepslate_iron_ore":21,"minecraft:dirt":17,"minecraft:red_mushroom_block":46,"minecraft:stone":126,"minecraft:gold_ore":11,"minecraft:deepslate":28,"minecraft:fern":1},"minecraft:dropped":{"minecraft:moss_carpet":7,"minecraft:stone_sword":1,"minecraft:cooked_porkchop":4,"minecraft:rotten_flesh":3,"minecraft:diorite":1,"minecraft:spider_eye":1,"minecraft:wooden_pickaxe":1},"minecraft:broken":{"minecraft:stone_pickaxe":1,"minecraft:iron_pickaxe":1}},"DataVersion":3465}