{"stats":{"minecraft:broken":{"minecraft:chainmail_leggings":1,"minecraft:stone_pickaxe":1,"minecraft:iron_pickaxe":1},"minecraft:killed":{"livingthings:snail":2,"minecraft:spider":7,"livingthings:raccoon":4,"livingthings:ostrich":2,"minecraft:skeleton":29,"livingthings:lion":1,"minecraft:chicken":13,"livingthings:crab":1,"minecraft:pig":5,"minecraft:rabbit":1,"minecraft:creeper":2,"minecraft:sheep":9,"minecraft:zombie":35,"livingthings:owl":1},"minecraft:used":{"minecraft:oak_fence":3,"minecraft:stone_sword":184,"minecraft:iron_shovel":195,"minecraft:stone_shovel":10,"minecraft:chest":1,"minecraft:shield":13,"minecraft:iron_sword":266,"minecraft:cooked_chicken":11,"minecraft:oak_door":3,"minecraft:torch":204,"minecraft:dirt":31,"minecraft:carrot":80,"ironchest:iron_chest":1,"minecraft:granite":5,"minecraft:iron_hoe":213,"minecraft:glass":4,"minecraft:bow":7,"minecraft:oak_sapling":3,"minecraft:furnace":6,"minecraft:acacia_fence":19,"minecraft:cobbled_deepslate":24,"minecraft:cooked_beef":4,"minecraft:potato":44,"minecraft:acacia_planks":50,"minecraft:cooked_mutton":14,"minecraft:wheat_seeds":170,"minecraft:water_bucket":34,"minecraft:baked_potato":20,"minecraft:stone_pickaxe":187,"minecraft:oak_planks":167,"minecraft:wooden_pickaxe":25,"minecraft:lime_bed":1,"minecraft:crafting_table":7,"minecraft:white_bed":2,"minecraft:bread":26,"minecraft:iron_pickaxe":373,"minecraft:chiseled_stone_bricks":1,"minecraft:stone_axe":239,"minecraft:acacia_fence_gate":1,"travelersbackpack:standard":7,"minecraft:cobblestone":5,"minecraft:potion":5,"minecraft:cooked_porkchop":6,"minecraft:cooked_rabbit":1,"minecraft:andesite":17,"minecraft:bucket":37,"minecraft:bone_meal":105},"minecraft:mined":{"minecraft:white_bed":2,"minecraft:deepslate_diamond_ore":9,"minecraft:granite":7,"minecraft:acacia_log":57,"minecraft:grass_block":95,"minecraft:chiseled_stone_bricks":4,"minecraft:spawner":20,"minecraft:hay_block":32,"minecraft:magma_block":2,"minecraft:furnace":4,"minecraft:carrots":29,"minecraft:iron_ore":74,"minecraft:andesite":7,"minecraft:deepslate_lapis_ore":3,"minecraft:peony":1,"minecraft:gold_block":1,"minecraft:mossy_stone_brick_stairs":1,"minecraft:bookshelf":8,"minecraft:potatoes":15,"minecraft:deepslate_iron_ore":28,"minecraft:iron_bars":23,"minecraft:stone":143,"minecraft:white_wool":2,"minecraft:deepslate_redstone_ore":2,"minecraft:acacia_leaves":2,"travelersbackpack:standard":1,"minecraft:clay":1,"minecraft:crafting_table":7,"minecraft:torch":1,"minecraft:polished_andesite_stairs":1,"minecraft:tall_grass":40,"minecraft:cobblestone":2,"minecraft:lapis_ore":1,"minecraft:sugar_cane":10,"minecraft:deepslate_gold_ore":11,"minecraft:oak_planks":53,"minecraft:diorite":1,"minecraft:pink_petals":2,"minecraft:lime_bed":1,"minecraft:birch_log":9,"minecraft:wheat":66,"minecraft:stone_brick_stairs":1,"minecraft:grass":456,"minecraft:black_wool":2,"minecraft:oak_log":52,"minecraft:coal_ore":178,"minecraft:dripstone_block":2,"minecraft:acacia_fence":1,"minecraft:sunflower":49,"minecraft:gravel":2,"minecraft:sand":148,"minecraft:dirt":23,"minecraft:cracked_stone_bricks":2,"minecraft:acacia_planks":10,"minecraft:mossy_stone_bricks":1,"minecraft:polished_andesite":10,"minecraft:stone_bricks":6,"minecraft:deepslate":33,"minecraft:gold_ore":3,"minecraft:oak_leaves":6},"minecraft:dropped":{"minecraft:iron_ingot":2,"minecraft:bread":13,"minecraft:iron_sword":1,"minecraft:wheat_seeds":8,"minecraft:glass_bottle":10,"minecraft:crafting_table":1,"minecraft:dripstone_block":1,"minecraft:cooked_porkchop":3,"minecraft:poisonous_potato":4,"minecraft:cobblestone":2,"minecraft:granite":3,"minecraft:leather_helmet":1,"minecraft:dirt":122,"minecraft:grass":1,"minecraft:diorite":1,"minecraft:torch":34,"minecraft:mutton":1,"minecraft:potion":1,"minecraft:sunflower":9,"minecraft:polished_andesite_stairs":1,"minecraft:iron_pickaxe":2,"minecraft:paper":10,"minecraft:pink_petals":11,"minecraft:bucket":1,"minecraft:acacia_planks":64,"minecraft:gravel":1,"minecraft:furnace":1,"minecraft:stone_axe":4,"minecraft:lever":1,"minecraft:golden_chestplate":1,"minecraft:cobbled_deepslate":2,"minecraft:stone_sword":5,"minecraft:tall_grass":10,"minecraft:rotten_flesh":12,"minecraft:light_gray_wool":1,"minecraft:iron_hoe":2,"minecraft:chainmail_chestplate":1,"minecraft:rabbit_hide":1,"minecraft:leather_chestplate":1,"farmersdelight:flint_knife":1,"minecraft:andesite":43,"minecraft:mossy_stone_bricks":1,"minecraft:spider_eye":1,"minecraft:leather_leggings":1,"minecraft:iron_bars":6,"minecraft:wooden_pickaxe":1,"minecraft:stone_pickaxe":5,"minecraft:magma_block":2,"minecraft:stone_brick_stairs":1,"minecraft:black_wool":1,"minecraft:brick":16,"minecraft:egg":2},"minecraft:custom":{"minecraft:mob_kills":114,"minecraft:animals_bred":20,"minecraft:interact_with_crafting_table":63,"minecraft:open_barrel":1,"minecraft:eat_cake_slice":2,"minecraft:leave_game":3,"minecraft:time_since_death":265126,"minecraft:sprint_one_cm":937547,"minecraft:damage_blocked_by_shield":396,"minecraft:walk_one_cm":1039380,"minecraft:drop":98,"minecraft:play_time":289522,"minecraft:deaths":1,"minecraft:sneak_time":2732,"minecraft:walk_under_water_one_cm":15681,"minecraft:jump":3753,"minecraft:walk_on_water_one_cm":19613,"minecraft:total_world_time":289522,"minecraft:interact_with_furnace":77,"minecraft:interact_with_cartography_table":1,"minecraft:sleep_in_bed":11,"minecraft:time_since_rest":20690,"minecraft:damage_taken":3924,"minecraft:damage_absorbed":21,"minecraft:damage_dealt":17496,"minecraft:swim_one_cm":22204,"minecraft:fly_one_cm":672682,"minecraft:open_chest":139,"minecraft:crouch_one_cm":9786,"minecraft:fall_one_cm":95623,"minecraft:horse_one_cm":186495},"minecraft:crafted":{"minecraft:oak_door":3,"minecraft:oak_planks":176,"minecraft:stone_shovel":1,"minecraft:cooked_chicken":11,"minecraft:furnace":3,"minecraft:acacia_fence_gate":1,"minecraft:bone_meal":105,"minecraft:cooked_mutton":14,"minecraft:glass":64,"travelersbackpack:white_sleeping_bag":2,"minecraft:bow":2,"minecraft:iron_hoe":1,"minecraft:stone_pickaxe":3,"minecraft:chest":3,"minecraft:acacia_fence":27,"minecraft:oak_fence":3,"minecraft:cooked_rabbit":1,"minecraft:wheat":153,"minecraft:cooked_porkchop":8,"minecraft:crafting_table":2,"minecraft:baked_potato":18,"travelersbackpack:backpack_tank":2,"minecraft:wooden_pickaxe":1,"travelersbackpack:standard":1,"minecraft:iron_sword":1,"minecraft:bucket":2,"minecraft:birch_planks":8,"minecraft:stone_axe":2,"minecraft:bread":66,"minecraft:air":0,"minecraft:stick":120,"minecraft:iron_leggings":1,"minecraft:iron_ingot":95,"minecraft:iron_pickaxe":2,"minecraft:stone_sword":3,"minecraft:iron_shovel":1,"minecraft:gold_ingot":8,"minecraft:white_bed":1,"minecraft:acacia_planks":228,"minecraft:torch":220,"minecraft:shears":1,"ironchest:iron_chest":1},"minecraft:picked_up":{"livingthings:crab":2,"livingthings:lion":3,"minecraft:crafting_table":6,"minecraft:wheat":43,"minecraft:chicken":14,"minecraft:wooden_pickaxe":1,"minecraft:cooked_rabbit":1,"minecraft:gold_block":1,"minecraft:stone_brick_stairs":1,"livingthings:cooked_ostrich":3,"minecraft:string":11,"minecraft:flint_and_steel":1,"minecraft:cracked_stone_bricks":3,"minecraft:cobbled_deepslate":28,"livingthings:ostrich":3,"minecraft:iron_pickaxe":2,"minecraft:light_gray_wool":1,"minecraft:sugar_cane":18,"minecraft:furnace":5,"minecraft:egg":9,"minecraft:stick":7,"minecraft:raw_iron":95,"minecraft:acacia_fence":1,"minecraft:torch":11,"minecraft:acacia_log":83,"minecraft:porkchop":8,"minecraft:diorite":1,"minecraft:carrot":109,"minecraft:redstone":10,"minecraft:stone_sword":3,"minecraft:arrow":27,"minecraft:rotten_flesh":37,"minecraft:hay_block":32,"minecraft:mutton":16,"minecraft:iron_bars":14,"minecraft:white_wool":16,"minecraft:cobblestone":160,"minecraft:magma_block":2,"minecraft:birch_log":8,"minecraft:pink_petals":11,"minecraft:lime_bed":1,"minecraft:feather":21,"minecraft:andesite":15,"minecraft:leather":5,"minecraft:potato":48,"minecraft:oak_log":66,"minecraft:gunpowder":2,"minecraft:lapis_lazuli":22,"minecraft:dirt":203,"minecraft:bone":25,"minecraft:acacia_planks":10,"minecraft:apple":1,"minecraft:stone_bricks":4,"minecraft:bow":3,"minecraft:wheat_seeds":193,"minecraft:raw_gold":22,"minecraft:iron_ingot":1,"minecraft:stone_pickaxe":5,"minecraft:mossy_stone_bricks":1,"minecraft:tall_grass":8,"minecraft:rabbit":1,"minecraft:glass_bottle":4,"minecraft:oak_planks":52,"minecraft:book":24,"minecraft:polished_andesite_stairs":3,"minecraft:cooked_porkchop":2,"minecraft:chiseled_stone_bricks":3,"minecraft:poisonous_potato":4,"minecraft:dripstone_block":1,"minecraft:gravel":1,"minecraft:sand":147,"minecraft:white_bed":2,"minecraft:spider_eye":2,"minecraft:iron_hoe":1,"travelersbackpack:standard":1,"minecraft:polished_andesite":12,"minecraft:slime_ball":1,"minecraft:diamond":9,"minecraft:stone_axe":4,"minecraft:lever":1,"minecraft:chainmail_leggings":1,"minecraft:granite":8,"minecraft:baked_potato":1,"minecraft:oak_sapling":5,"minecraft:black_wool":2,"minecraft:coal":190,"minecraft:sunflower":46}},"DataVersion":3465}