{"stats":{"minecraft:broken":{"minecraft:chainmail_leggings":1,"minecraft:stone_pickaxe":1,"minecraft:iron_pickaxe":1},"minecraft:killed":{"livingthings:snail":2,"minecraft:spider":4,"livingthings:raccoon":4,"livingthings:ostrich":2,"minecraft:skeleton":28,"livingthings:lion":1,"minecraft:chicken":13,"livingthings:crab":1,"minecraft:pig":5,"minecraft:rabbit":1,"minecraft:creeper":2,"minecraft:sheep":9,"minecraft:zombie":29,"livingthings:owl":1},"minecraft:used":{"minecraft:oak_fence":3,"minecraft:stone_sword":184,"minecraft:iron_shovel":192,"minecraft:stone_shovel":10,"minecraft:chest":1,"minecraft:shield":13,"minecraft:iron_sword":213,"minecraft:cooked_chicken":11,"minecraft:oak_door":3,"minecraft:torch":165,"minecraft:dirt":31,"minecraft:carrot":80,"ironchest:iron_chest":1,"minecraft:granite":5,"minecraft:iron_hoe":198,"minecraft:glass":4,"minecraft:bow":1,"minecraft:oak_sapling":3,"minecraft:furnace":6,"minecraft:acacia_fence":19,"minecraft:cobbled_deepslate":24,"minecraft:cooked_beef":4,"minecraft:potato":44,"minecraft:acacia_planks":50,"minecraft:cooked_mutton":14,"minecraft:wheat_seeds":170,"minecraft:water_bucket":34,"minecraft:baked_potato":5,"minecraft:stone_pickaxe":187,"minecraft:oak_planks":167,"minecraft:wooden_pickaxe":25,"minecraft:lime_bed":1,"minecraft:crafting_table":7,"minecraft:white_bed":1,"minecraft:bread":24,"minecraft:iron_pickaxe":299,"minecraft:stone_axe":239,"minecraft:acacia_fence_gate":1,"travelersbackpack:standard":1,"minecraft:cobblestone":5,"minecraft:potion":3,"minecraft:cooked_porkchop":6,"minecraft:cooked_rabbit":1,"minecraft:andesite":17,"minecraft:bucket":37,"minecraft:bone_meal":105},"minecraft:mined":{"minecraft:white_bed":1,"minecraft:deepslate_diamond_ore":4,"minecraft:granite":7,"minecraft:acacia_log":57,"minecraft:grass_block":93,"minecraft:chiseled_stone_bricks":1,"minecraft:spawner":12,"minecraft:hay_block":17,"minecraft:furnace":4,"minecraft:carrots":29,"minecraft:iron_ore":74,"minecraft:andesite":7,"minecraft:peony":1,"minecraft:bookshelf":8,"minecraft:potatoes":15,"minecraft:deepslate_iron_ore":28,"minecraft:iron_bars":13,"minecraft:stone":126,"minecraft:white_wool":2,"minecraft:deepslate_redstone_ore":2,"minecraft:acacia_leaves":2,"travelersbackpack:standard":1,"minecraft:clay":1,"minecraft:crafting_table":7,"minecraft:torch":1,"minecraft:polished_andesite_stairs":1,"minecraft:tall_grass":40,"minecraft:cobblestone":1,"minecraft:sugar_cane":10,"minecraft:deepslate_gold_ore":5,"minecraft:oak_planks":53,"minecraft:diorite":1,"minecraft:pink_petals":2,"minecraft:lime_bed":1,"minecraft:birch_log":9,"minecraft:wheat":66,"minecraft:grass":451,"minecraft:black_wool":2,"minecraft:oak_log":52,"minecraft:coal_ore":176,"minecraft:dripstone_block":2,"minecraft:acacia_fence":1,"minecraft:sunflower":49,"minecraft:gravel":2,"minecraft:sand":148,"minecraft:dirt":22,"minecraft:acacia_planks":10,"minecraft:polished_andesite":7,"minecraft:stone_bricks":1,"minecraft:deepslate":31,"minecraft:gold_ore":3,"minecraft:oak_leaves":6},"minecraft:dropped":{"minecraft:iron_ingot":2,"minecraft:bread":13,"minecraft:wheat_seeds":7,"minecraft:glass_bottle":8,"minecraft:dripstone_block":1,"minecraft:cooked_porkchop":3,"minecraft:poisonous_potato":4,"minecraft:cobblestone":2,"minecraft:granite":3,"minecraft:leather_helmet":1,"minecraft:dirt":36,"minecraft:grass":1,"minecraft:diorite":1,"minecraft:torch":34,"minecraft:mutton":1,"minecraft:potion":1,"minecraft:polished_andesite_stairs":1,"minecraft:iron_pickaxe":1,"minecraft:paper":10,"minecraft:pink_petals":11,"minecraft:acacia_planks":64,"minecraft:gravel":1,"minecraft:furnace":1,"minecraft:stone_axe":4,"minecraft:stone_sword":5,"minecraft:tall_grass":10,"minecraft:rotten_flesh":10,"minecraft:light_gray_wool":1,"minecraft:iron_hoe":1,"minecraft:leather_chestplate":1,"minecraft:andesite":43,"minecraft:leather_leggings":1,"minecraft:wooden_pickaxe":1,"minecraft:stone_pickaxe":5,"minecraft:stone_brick_stairs":1,"minecraft:black_wool":1,"minecraft:brick":16,"minecraft:egg":2},"minecraft:custom":{"minecraft:mob_kills":104,"minecraft:animals_bred":15,"minecraft:interact_with_crafting_table":63,"minecraft:open_barrel":1,"minecraft:eat_cake_slice":2,"minecraft:leave_game":2,"minecraft:time_since_death":227269,"minecraft:sprint_one_cm":775203,"minecraft:damage_blocked_by_shield":396,"minecraft:walk_one_cm":921605,"minecraft:drop":74,"minecraft:play_time":251665,"minecraft:deaths":1,"minecraft:sneak_time":2598,"minecraft:walk_under_water_one_cm":15681,"minecraft:jump":3200,"minecraft:walk_on_water_one_cm":18039,"minecraft:total_world_time":251665,"minecraft:interact_with_furnace":75,"minecraft:interact_with_cartography_table":1,"minecraft:sleep_in_bed":9,"minecraft:time_since_rest":83684,"minecraft:damage_taken":3333,"minecraft:damage_dealt":15686,"minecraft:swim_one_cm":22204,"minecraft:fly_one_cm":542271,"minecraft:open_chest":100,"minecraft:crouch_one_cm":9251,"minecraft:fall_one_cm":77250,"minecraft:horse_one_cm":186495},"minecraft:crafted":{"minecraft:oak_door":3,"minecraft:oak_planks":176,"minecraft:stone_shovel":1,"minecraft:cooked_chicken":11,"minecraft:furnace":3,"minecraft:acacia_fence_gate":1,"minecraft:bone_meal":105,"minecraft:cooked_mutton":14,"minecraft:glass":64,"travelersbackpack:white_sleeping_bag":2,"minecraft:bow":2,"minecraft:iron_hoe":1,"minecraft:stone_pickaxe":3,"minecraft:chest":3,"minecraft:acacia_fence":27,"minecraft:oak_fence":3,"minecraft:cooked_rabbit":1,"minecraft:wheat":153,"minecraft:cooked_porkchop":8,"minecraft:crafting_table":2,"minecraft:baked_potato":18,"travelersbackpack:backpack_tank":2,"minecraft:wooden_pickaxe":1,"travelersbackpack:standard":1,"minecraft:iron_sword":1,"minecraft:bucket":2,"minecraft:birch_planks":8,"minecraft:stone_axe":2,"minecraft:bread":66,"minecraft:air":0,"minecraft:stick":120,"minecraft:iron_leggings":1,"minecraft:iron_ingot":95,"minecraft:iron_pickaxe":2,"minecraft:stone_sword":3,"minecraft:iron_shovel":1,"minecraft:gold_ingot":8,"minecraft:white_bed":1,"minecraft:acacia_planks":228,"minecraft:torch":220,"minecraft:shears":1,"ironchest:iron_chest":1},"minecraft:picked_up":{"livingthings:crab":2,"livingthings:lion":3,"minecraft:crafting_table":6,"minecraft:wheat":43,"minecraft:chicken":14,"minecraft:wooden_pickaxe":1,"minecraft:cooked_rabbit":1,"minecraft:stone_brick_stairs":1,"livingthings:cooked_ostrich":3,"minecraft:string":6,"minecraft:flint_and_steel":1,"minecraft:cracked_stone_bricks":2,"minecraft:cobbled_deepslate":24,"livingthings:ostrich":3,"minecraft:iron_pickaxe":1,"minecraft:light_gray_wool":1,"minecraft:sugar_cane":18,"minecraft:furnace":5,"minecraft:egg":9,"minecraft:stick":7,"minecraft:raw_iron":95,"minecraft:acacia_fence":1,"minecraft:torch":11,"minecraft:acacia_log":78,"minecraft:porkchop":8,"minecraft:diorite":1,"minecraft:carrot":109,"minecraft:redstone":10,"minecraft:stone_sword":3,"minecraft:arrow":27,"minecraft:rotten_flesh":35,"minecraft:hay_block":17,"minecraft:mutton":16,"minecraft:iron_bars":6,"minecraft:white_wool":16,"minecraft:cobblestone":126,"minecraft:birch_log":8,"minecraft:pink_petals":11,"minecraft:lime_bed":1,"minecraft:feather":21,"minecraft:andesite":7,"minecraft:leather":5,"minecraft:potato":48,"minecraft:oak_log":66,"minecraft:gunpowder":2,"minecraft:dirt":141,"minecraft:bone":25,"minecraft:acacia_planks":10,"minecraft:apple":1,"minecraft:stone_bricks":2,"minecraft:bow":3,"minecraft:wheat_seeds":192,"minecraft:raw_gold":16,"minecraft:stone_pickaxe":5,"minecraft:tall_grass":8,"minecraft:rabbit":1,"minecraft:glass_bottle":4,"minecraft:oak_planks":52,"minecraft:book":24,"minecraft:polished_andesite_stairs":2,"minecraft:cooked_porkchop":2,"minecraft:poisonous_potato":4,"minecraft:dripstone_block":1,"minecraft:gravel":1,"minecraft:sand":147,"minecraft:white_bed":1,"minecraft:iron_hoe":1,"travelersbackpack:standard":1,"minecraft:polished_andesite":10,"minecraft:slime_ball":1,"minecraft:diamond":4,"minecraft:stone_axe":4,"minecraft:chainmail_leggings":1,"minecraft:granite":8,"minecraft:baked_potato":1,"minecraft:oak_sapling":5,"minecraft:black_wool":2,"minecraft:coal":190,"minecraft:sunflower":37}},"DataVersion":3465}