{"stats":{"minecraft:broken":{"minecraft:stone_pickaxe":1},"minecraft:killed":{"livingthings:snail":1,"minecraft:spider":3,"livingthings:raccoon":4,"livingthings:ostrich":2,"minecraft:skeleton":12,"livingthings:lion":1,"minecraft:chicken":9,"minecraft:pig":5,"minecraft:rabbit":1,"minecraft:creeper":2,"minecraft:sheep":9,"minecraft:zombie":23,"livingthings:owl":1},"minecraft:used":{"minecraft:oak_fence":3,"minecraft:stone_sword":184,"minecraft:iron_shovel":172,"minecraft:stone_shovel":10,"minecraft:chest":1,"minecraft:shield":9,"minecraft:iron_sword":97,"minecraft:cooked_chicken":4,"minecraft:oak_door":3,"minecraft:torch":127,"minecraft:dirt":25,"minecraft:carrot":54,"ironchest:iron_chest":1,"minecraft:granite":5,"minecraft:iron_hoe":130,"minecraft:glass":4,"minecraft:furnace":5,"minecraft:acacia_fence":19,"minecraft:cooked_beef":4,"minecraft:potato":4,"minecraft:acacia_planks":50,"minecraft:cooked_mutton":13,"minecraft:wheat_seeds":55,"minecraft:water_bucket":24,"minecraft:baked_potato":5,"minecraft:stone_pickaxe":187,"minecraft:oak_planks":167,"minecraft:wooden_pickaxe":25,"minecraft:lime_bed":1,"minecraft:crafting_table":6,"minecraft:white_bed":1,"minecraft:bread":8,"minecraft:iron_pickaxe":210,"minecraft:stone_axe":224,"minecraft:acacia_fence_gate":1,"travelersbackpack:standard":1,"minecraft:cobblestone":5,"minecraft:potion":3,"minecraft:cooked_porkchop":6,"minecraft:cooked_rabbit":1,"minecraft:andesite":17,"minecraft:bucket":28,"minecraft:bone_meal":54},"minecraft:mined":{"minecraft:white_bed":1,"minecraft:deepslate_diamond_ore":1,"minecraft:granite":7,"minecraft:acacia_log":57,"minecraft:grass_block":76,"minecraft:chiseled_stone_bricks":1,"minecraft:spawner":12,"minecraft:hay_block":9,"minecraft:furnace":4,"minecraft:carrots":20,"minecraft:iron_ore":51,"minecraft:andesite":6,"minecraft:peony":1,"minecraft:bookshelf":8,"minecraft:potatoes":2,"minecraft:deepslate_iron_ore":23,"minecraft:iron_bars":13,"minecraft:stone":122,"minecraft:white_wool":2,"minecraft:acacia_leaves":2,"travelersbackpack:standard":1,"minecraft:clay":1,"minecraft:crafting_table":6,"minecraft:torch":1,"minecraft:polished_andesite_stairs":1,"minecraft:tall_grass":39,"minecraft:cobblestone":1,"minecraft:deepslate_gold_ore":4,"minecraft:oak_planks":53,"minecraft:diorite":1,"minecraft:pink_petals":2,"minecraft:lime_bed":1,"minecraft:birch_log":9,"minecraft:wheat":2,"minecraft:grass":434,"minecraft:black_wool":2,"minecraft:oak_log":47,"minecraft:coal_ore":155,"minecraft:dripstone_block":2,"minecraft:acacia_fence":1,"minecraft:sunflower":36,"minecraft:gravel":2,"minecraft:sand":148,"minecraft:dirt":15,"minecraft:acacia_planks":10,"minecraft:polished_andesite":7,"minecraft:stone_bricks":1,"minecraft:deepslate":2,"minecraft:gold_ore":3,"minecraft:oak_leaves":6},"minecraft:dropped":{"minecraft:iron_ingot":2,"minecraft:bread":13,"minecraft:glass_bottle":8,"minecraft:dripstone_block":1,"minecraft:cooked_porkchop":3,"minecraft:cobblestone":2,"minecraft:granite":3,"minecraft:leather_helmet":1,"minecraft:dirt":36,"minecraft:grass":1,"minecraft:torch":34,"minecraft:mutton":1,"minecraft:potion":1,"minecraft:polished_andesite_stairs":1,"minecraft:iron_pickaxe":1,"minecraft:paper":10,"minecraft:pink_petals":11,"minecraft:acacia_planks":64,"minecraft:gravel":1,"minecraft:furnace":1,"minecraft:stone_axe":4,"minecraft:stone_sword":5,"minecraft:tall_grass":10,"minecraft:rotten_flesh":10,"minecraft:light_gray_wool":1,"minecraft:iron_hoe":1,"minecraft:leather_chestplate":1,"minecraft:andesite":40,"minecraft:leather_leggings":1,"minecraft:wooden_pickaxe":1,"minecraft:stone_pickaxe":5,"minecraft:stone_brick_stairs":1,"minecraft:black_wool":1,"minecraft:brick":16,"minecraft:egg":2},"minecraft:custom":{"minecraft:mob_kills":75,"minecraft:animals_bred":8,"minecraft:interact_with_crafting_table":52,"minecraft:open_barrel":1,"minecraft:eat_cake_slice":2,"minecraft:leave_game":2,"minecraft:time_since_death":167269,"minecraft:sprint_one_cm":566184,"minecraft:damage_blocked_by_shield":301,"minecraft:walk_one_cm":696969,"minecraft:drop":66,"minecraft:play_time":191665,"minecraft:deaths":1,"minecraft:sneak_time":2349,"minecraft:walk_under_water_one_cm":13983,"minecraft:jump":2126,"minecraft:walk_on_water_one_cm":13830,"minecraft:total_world_time":191665,"minecraft:interact_with_furnace":61,"minecraft:interact_with_cartography_table":1,"minecraft:sleep_in_bed":9,"minecraft:time_since_rest":23684,"minecraft:damage_taken":2208,"minecraft:damage_dealt":10759,"minecraft:swim_one_cm":6921,"minecraft:fly_one_cm":362381,"minecraft:open_chest":89,"minecraft:crouch_one_cm":8120,"minecraft:fall_one_cm":54554,"minecraft:horse_one_cm":186495},"minecraft:crafted":{"minecraft:oak_door":3,"minecraft:oak_planks":176,"minecraft:stone_shovel":1,"minecraft:cooked_chicken":11,"minecraft:furnace":2,"minecraft:acacia_fence_gate":1,"minecraft:bone_meal":54,"minecraft:cooked_mutton":14,"minecraft:glass":64,"travelersbackpack:white_sleeping_bag":2,"minecraft:iron_hoe":1,"minecraft:stone_pickaxe":3,"minecraft:chest":3,"minecraft:acacia_fence":27,"minecraft:oak_fence":3,"minecraft:cooked_rabbit":1,"minecraft:wheat":81,"minecraft:cooked_porkchop":8,"minecraft:crafting_table":1,"travelersbackpack:backpack_tank":2,"minecraft:wooden_pickaxe":1,"travelersbackpack:standard":1,"minecraft:bucket":2,"minecraft:birch_planks":8,"minecraft:stone_axe":2,"minecraft:bread":27,"minecraft:air":0,"minecraft:stick":120,"minecraft:iron_ingot":38,"minecraft:iron_pickaxe":1,"minecraft:stone_sword":3,"minecraft:iron_shovel":1,"minecraft:gold_ingot":8,"minecraft:white_bed":1,"minecraft:acacia_planks":228,"minecraft:torch":96,"minecraft:shears":1,"ironchest:iron_chest":1},"minecraft:picked_up":{"livingthings:lion":3,"minecraft:crafting_table":5,"minecraft:wheat":1,"minecraft:chicken":10,"minecraft:wooden_pickaxe":1,"minecraft:cooked_rabbit":1,"minecraft:stone_brick_stairs":1,"livingthings:cooked_ostrich":3,"minecraft:string":6,"minecraft:flint_and_steel":1,"minecraft:cracked_stone_bricks":2,"minecraft:cobbled_deepslate":2,"livingthings:ostrich":3,"minecraft:iron_pickaxe":1,"minecraft:light_gray_wool":1,"minecraft:furnace":5,"minecraft:egg":4,"minecraft:stick":7,"minecraft:raw_iron":68,"minecraft:acacia_fence":1,"minecraft:torch":10,"minecraft:acacia_log":78,"minecraft:porkchop":8,"minecraft:diorite":1,"minecraft:carrot":77,"minecraft:stone_sword":3,"minecraft:arrow":11,"minecraft:rotten_flesh":30,"minecraft:hay_block":9,"minecraft:mutton":16,"minecraft:iron_bars":6,"minecraft:white_wool":16,"minecraft:cobblestone":122,"minecraft:birch_log":8,"minecraft:pink_petals":11,"minecraft:lime_bed":1,"minecraft:feather":17,"minecraft:andesite":6,"minecraft:leather":5,"minecraft:potato":2,"minecraft:oak_log":61,"minecraft:gunpowder":2,"minecraft:dirt":117,"minecraft:bone":10,"minecraft:acacia_planks":10,"minecraft:apple":1,"minecraft:stone_bricks":2,"minecraft:bow":1,"minecraft:wheat_seeds":63,"minecraft:raw_gold":15,"minecraft:stone_pickaxe":5,"minecraft:tall_grass":8,"minecraft:rabbit":1,"minecraft:glass_bottle":4,"minecraft:oak_planks":52,"minecraft:book":24,"minecraft:polished_andesite_stairs":2,"minecraft:cooked_porkchop":2,"minecraft:dripstone_block":1,"minecraft:gravel":1,"minecraft:sand":147,"minecraft:white_bed":1,"minecraft:iron_hoe":1,"travelersbackpack:standard":1,"minecraft:polished_andesite":10,"minecraft:diamond":1,"minecraft:stone_axe":4,"minecraft:chainmail_leggings":1,"minecraft:granite":8,"minecraft:baked_potato":1,"minecraft:oak_sapling":2,"minecraft:black_wool":2,"minecraft:coal":169,"minecraft:sunflower":28}},"DataVersion":3465}