{"stats":{"minecraft:picked_up":{"livingthings:lion":3,"minecraft:crafting_table":5,"minecraft:chicken":10,"minecraft:wooden_pickaxe":1,"minecraft:cooked_rabbit":1,"minecraft:stone_brick_stairs":1,"livingthings:cooked_ostrich":3,"minecraft:string":6,"minecraft:flint_and_steel":1,"minecraft:cracked_stone_bricks":2,"livingthings:ostrich":3,"minecraft:iron_pickaxe":1,"minecraft:light_gray_wool":1,"minecraft:furnace":5,"minecraft:egg":4,"minecraft:raw_iron":38,"minecraft:stick":7,"minecraft:acacia_fence":1,"minecraft:torch":9,"minecraft:acacia_log":78,"minecraft:porkchop":8,"minecraft:carrot":77,"minecraft:stone_sword":3,"minecraft:arrow":4,"minecraft:rotten_flesh":22,"minecraft:hay_block":9,"minecraft:mutton":16,"minecraft:iron_bars":6,"minecraft:cobblestone":95,"minecraft:white_wool":16,"minecraft:birch_log":8,"minecraft:pink_petals":11,"minecraft:lime_bed":1,"minecraft:feather":17,"minecraft:andesite":4,"minecraft:leather":5,"minecraft:potato":2,"minecraft:oak_log":60,"minecraft:dirt":117,"minecraft:bone":8,"minecraft:acacia_planks":10,"minecraft:apple":1,"minecraft:stone_bricks":2,"minecraft:wheat_seeds":60,"minecraft:raw_gold":8,"minecraft:stone_pickaxe":5,"minecraft:tall_grass":8,"minecraft:rabbit":1,"minecraft:glass_bottle":4,"minecraft:oak_planks":52,"minecraft:book":24,"minecraft:polished_andesite_stairs":2,"minecraft:cooked_porkchop":2,"minecraft:gravel":1,"minecraft:sand":147,"minecraft:white_bed":1,"travelersbackpack:standard":1,"minecraft:polished_andesite":10,"minecraft:stone_axe":4,"minecraft:chainmail_leggings":1,"minecraft:granite":8,"minecraft:baked_potato":1,"minecraft:oak_sapling":2,"minecraft:black_wool":2,"minecraft:coal":81,"minecraft:sunflower":28},"minecraft:used":{"minecraft:oak_fence":3,"minecraft:stone_sword":184,"minecraft:iron_shovel":172,"minecraft:stone_shovel":10,"minecraft:chest":1,"minecraft:shield":4,"minecraft:iron_sword":43,"minecraft:cooked_chicken":4,"minecraft:oak_door":3,"minecraft:torch":60,"minecraft:dirt":25,"minecraft:carrot":54,"ironchest:iron_chest":1,"minecraft:granite":5,"minecraft:glass":4,"minecraft:iron_hoe":130,"minecraft:furnace":5,"minecraft:acacia_fence":19,"minecraft:potato":4,"minecraft:acacia_planks":50,"minecraft:wheat_seeds":52,"minecraft:cooked_mutton":11,"minecraft:water_bucket":24,"minecraft:oak_planks":167,"minecraft:stone_pickaxe":187,"minecraft:baked_potato":5,"minecraft:wooden_pickaxe":25,"minecraft:lime_bed":1,"minecraft:crafting_table":6,"minecraft:white_bed":1,"minecraft:bread":8,"minecraft:iron_pickaxe":43,"minecraft:acacia_fence_gate":1,"minecraft:stone_axe":223,"travelersbackpack:standard":1,"minecraft:cobblestone":5,"minecraft:potion":3,"minecraft:cooked_porkchop":6,"minecraft:bucket":27,"minecraft:cooked_rabbit":1,"minecraft:andesite":17,"minecraft:bone_meal":54},"minecraft:crafted":{"minecraft:oak_door":3,"minecraft:oak_planks":176,"minecraft:stone_shovel":1,"minecraft:cooked_chicken":11,"minecraft:furnace":2,"minecraft:acacia_fence_gate":1,"minecraft:bone_meal":54,"minecraft:cooked_mutton":14,"minecraft:glass":64,"travelersbackpack:white_sleeping_bag":2,"minecraft:iron_hoe":1,"minecraft:stone_pickaxe":3,"minecraft:chest":3,"minecraft:acacia_fence":27,"minecraft:oak_fence":3,"minecraft:cooked_rabbit":1,"minecraft:wheat":81,"minecraft:cooked_porkchop":8,"minecraft:crafting_table":1,"travelersbackpack:backpack_tank":2,"minecraft:wooden_pickaxe":1,"travelersbackpack:standard":1,"minecraft:bucket":2,"minecraft:birch_planks":8,"minecraft:stone_axe":2,"minecraft:bread":27,"minecraft:air":0,"minecraft:stick":120,"minecraft:iron_ingot":38,"minecraft:iron_pickaxe":1,"minecraft:stone_sword":3,"minecraft:iron_shovel":1,"minecraft:gold_ingot":8,"minecraft:white_bed":1,"minecraft:acacia_planks":228,"minecraft:torch":16,"minecraft:shears":1,"ironchest:iron_chest":1},"minecraft:broken":{"minecraft:stone_pickaxe":1},"minecraft:killed":{"livingthings:snail":1,"livingthings:raccoon":4,"minecraft:spider":3,"livingthings:ostrich":2,"minecraft:skeleton":6,"livingthings:lion":1,"minecraft:chicken":9,"minecraft:pig":5,"minecraft:rabbit":1,"minecraft:creeper":1,"minecraft:sheep":9,"minecraft:zombie":16,"livingthings:owl":1},"minecraft:custom":{"minecraft:mob_kills":61,"minecraft:animals_bred":3,"minecraft:interact_with_crafting_table":49,"minecraft:open_barrel":1,"minecraft:eat_cake_slice":2,"minecraft:leave_game":2,"minecraft:time_since_death":140591,"minecraft:sprint_one_cm":493214,"minecraft:walk_one_cm":592878,"minecraft:damage_blocked_by_shield":161,"minecraft:drop":63,"minecraft:play_time":164987,"minecraft:deaths":1,"minecraft:sneak_time":1447,"minecraft:walk_under_water_one_cm":13782,"minecraft:jump":1816,"minecraft:walk_on_water_one_cm":12551,"minecraft:total_world_time":164987,"minecraft:interact_with_furnace":59,"minecraft:interact_with_cartography_table":1,"minecraft:sleep_in_bed":8,"minecraft:time_since_rest":4871,"minecraft:damage_taken":1855,"minecraft:damage_dealt":8008,"minecraft:swim_one_cm":6921,"minecraft:fly_one_cm":318859,"minecraft:open_chest":86,"minecraft:crouch_one_cm":6805,"minecraft:fall_one_cm":49146,"minecraft:horse_one_cm":186495},"minecraft:mined":{"minecraft:white_bed":1,"minecraft:granite":7,"minecraft:acacia_log":57,"minecraft:grass_block":76,"minecraft:chiseled_stone_bricks":1,"minecraft:spawner":12,"minecraft:hay_block":9,"minecraft:carrots":20,"minecraft:furnace":4,"minecraft:iron_ore":28,"minecraft:andesite":4,"minecraft:peony":1,"minecraft:potatoes":2,"minecraft:bookshelf":8,"minecraft:deepslate_iron_ore":11,"minecraft:iron_bars":13,"minecraft:stone":95,"minecraft:white_wool":2,"minecraft:acacia_leaves":2,"travelersbackpack:standard":1,"minecraft:clay":1,"minecraft:crafting_table":6,"minecraft:torch":1,"minecraft:polished_andesite_stairs":1,"minecraft:cobblestone":1,"minecraft:tall_grass":39,"minecraft:oak_planks":53,"minecraft:pink_petals":2,"minecraft:lime_bed":1,"minecraft:birch_log":9,"minecraft:wheat":1,"minecraft:grass":434,"minecraft:black_wool":2,"minecraft:oak_log":46,"minecraft:coal_ore":65,"minecraft:sand":148,"minecraft:gravel":2,"minecraft:acacia_fence":1,"minecraft:sunflower":36,"minecraft:dirt":15,"minecraft:acacia_planks":10,"minecraft:polished_andesite":7,"minecraft:stone_bricks":1,"minecraft:oak_leaves":6},"minecraft:dropped":{"minecraft:iron_ingot":2,"minecraft:bread":13,"minecraft:glass_bottle":8,"minecraft:cooked_porkchop":3,"minecraft:cobblestone":2,"minecraft:granite":2,"minecraft:leather_helmet":1,"minecraft:dirt":36,"minecraft:grass":1,"minecraft:torch":34,"minecraft:mutton":1,"minecraft:potion":1,"minecraft:polished_andesite_stairs":1,"minecraft:iron_pickaxe":1,"minecraft:paper":10,"minecraft:pink_petals":11,"minecraft:acacia_planks":64,"minecraft:gravel":1,"minecraft:furnace":1,"minecraft:stone_axe":4,"minecraft:stone_sword":5,"minecraft:tall_grass":10,"minecraft:rotten_flesh":10,"minecraft:light_gray_wool":1,"minecraft:leather_chestplate":1,"minecraft:andesite":40,"minecraft:leather_leggings":1,"minecraft:wooden_pickaxe":1,"minecraft:stone_pickaxe":5,"minecraft:stone_brick_stairs":1,"minecraft:black_wool":1,"minecraft:brick":16,"minecraft:egg":2}},"DataVersion":3465}