{"stats":{"minecraft:picked_up":{"livingthings:lion":5,"minecraft:crafting_table":3,"minecraft:chicken":4,"minecraft:leather_leggings":1,"minecraft:stone_brick_stairs":1,"minecraft:brewing_stand":1,"minecraft:string":7,"minecraft:raw_copper":5,"minecraft:cobbled_deepslate":5,"minecraft:beef":8,"minecraft:chest":1,"minecraft:egg":1,"minecraft:furnace":1,"minecraft:raw_iron":34,"minecraft:torch":78,"minecraft:acacia_log":18,"minecraft:porkchop":5,"minecraft:cherry_log":23,"minecraft:diorite":5,"minecraft:carrot":3,"minecraft:orange_bed":2,"minecraft:stone_sword":3,"minecraft:arrow":6,"minecraft:stone_shovel":1,"minecraft:rotten_flesh":11,"minecraft:hay_block":2,"minecraft:cobblestone":378,"minecraft:mutton":5,"minecraft:iron_bars":5,"minecraft:white_wool":10,"livingthings:cooked_lion":1,"minecraft:stripped_oak_log":1,"minecraft:birch_log":6,"minecraft:enchanting_table":1,"minecraft:pink_petals":334,"minecraft:birch_leaves":4,"minecraft:feather":7,"minecraft:clock":1,"minecraft:cherry_planks":1,"minecraft:cherry_leaves":1,"minecraft:leather":15,"minecraft:copper_block":18,"minecraft:potato":128,"minecraft:oak_log":194,"minecraft:gunpowder":11,"minecraft:dirt":266,"minecraft:bone":9,"minecraft:stone_bricks":2,"minecraft:bow":1,"minecraft:wheat_seeds":8,"minecraft:raw_gold":8,"minecraft:iron_ingot":2,"minecraft:stone_pickaxe":3,"minecraft:oak_planks":156,"minecraft:book":30,"minecraft:cooked_porkchop":2,"travelersbackpack:squid":1,"minecraft:gravel":22,"minecraft:poisonous_potato":1,"minecraft:sand":61,"minecraft:spider_eye":4,"minecraft:leather_helmet":1,"minecraft:stripped_acacia_log":2,"minecraft:polished_andesite":1,"minecraft:slime_ball":2,"minecraft:diamond":2,"minecraft:stone_axe":2,"minecraft:granite":2,"minecraft:black_wool":1,"minecraft:oak_leaves":1,"minecraft:coal":78,"minecraft:pink_dye":2},"minecraft:used":{"minecraft:stone_sword":41,"minecraft:iron_shovel":272,"minecraft:stone_shovel":52,"minecraft:chest":8,"minecraft:shield":2,"minecraft:iron_sword":109,"minecraft:stone_hoe":15,"minecraft:orange_bed":2,"minecraft:torch":190,"minecraft:dirt":124,"minecraft:golden_shovel":32,"minecraft:glass":22,"travelersbackpack:gold":1,"livingthings:cooked_lion":2,"minecraft:furnace":5,"minecraft:potato":111,"minecraft:cooked_beef":9,"minecraft:cooked_mutton":5,"minecraft:water_bucket":8,"minecraft:stone_pickaxe":72,"minecraft:baked_potato":13,"minecraft:oak_planks":207,"minecraft:cherry_planks":45,"minecraft:crafting_table":11,"minecraft:shears":5,"minecraft:oak_log":2,"minecraft:wooden_hoe":82,"minecraft:apple":2,"minecraft:cherry_door":2,"minecraft:bread":13,"minecraft:string":3,"livingthings:lion":3,"minecraft:iron_pickaxe":513,"minecraft:leather_helmet":1,"minecraft:gravel":2,"minecraft:stone_axe":168,"minecraft:potion":2,"minecraft:cobblestone":67,"minecraft:cooked_porkchop":2,"minecraft:bucket":14,"minecraft:bone_meal":49},"minecraft:crafted":{"minecraft:cherry_planks":92,"minecraft:oak_planks":276,"minecraft:furnace":4,"livingthings:cooked_ostrich":3,"minecraft:bone_meal":51,"minecraft:cooked_mutton":5,"minecraft:glass":41,"travelersbackpack:white_sleeping_bag":1,"travelersbackpack:gold":1,"minecraft:chest":8,"minecraft:stone_hoe":1,"minecraft:wheat":18,"minecraft:cooked_beef":5,"livingthings:cooked_lion":2,"minecraft:crafting_table":10,"travelersbackpack:backpack_tank":2,"travelersbackpack:standard":1,"minecraft:baked_potato":27,"minecraft:iron_helmet":1,"minecraft:iron_sword":1,"minecraft:leather_helmet":1,"minecraft:bucket":1,"minecraft:stone_axe":1,"minecraft:bread":6,"minecraft:air":0,"minecraft:wooden_hoe":1,"minecraft:iron_chestplate":1,"minecraft:stick":40,"minecraft:iron_ingot":34,"minecraft:iron_pickaxe":1,"minecraft:cherry_door":3,"minecraft:iron_shovel":2,"minecraft:gold_ingot":3,"minecraft:torch":104,"minecraft:shears":1},"minecraft:broken":{"minecraft:golden_shovel":1,"minecraft:stone_axe":1,"minecraft:iron_pickaxe":2,"minecraft:wooden_hoe":1},"minecraft:killed":{"livingthings:snail":1,"minecraft:spider":3,"livingthings:flamingo":3,"minecraft:horse":5,"minecraft:skeleton":6,"livingthings:lion":2,"minecraft:chicken":5,"minecraft:pig":2,"minecraft:creeper":1,"minecraft:sheep":3,"minecraft:zombie":11,"minecraft:cow":4},"minecraft:custom":{"minecraft:mob_kills":46,"minecraft:interact_with_crafting_table":31,"minecraft:eat_cake_slice":1,"minecraft:leave_game":3,"minecraft:time_since_death":140548,"minecraft:sprint_one_cm":487313,"minecraft:walk_one_cm":438577,"minecraft:damage_blocked_by_shield":60,"minecraft:drop":47,"minecraft:play_time":156462,"minecraft:sneak_time":380,"minecraft:deaths":1,"minecraft:walk_under_water_one_cm":7575,"minecraft:jump":2122,"minecraft:walk_on_water_one_cm":13934,"minecraft:total_world_time":156462,"minecraft:interact_with_furnace":35,"minecraft:sleep_in_bed":9,"minecraft:time_since_rest":5366,"minecraft:damage_taken":2412,"minecraft:damage_dealt":6768,"minecraft:swim_one_cm":11060,"minecraft:fly_one_cm":326635,"minecraft:open_chest":137,"minecraft:crouch_one_cm":1691,"minecraft:fall_one_cm":55872},"minecraft:mined":{"minecraft:deepslate_diamond_ore":2,"minecraft:cherry_log":24,"minecraft:brewing_stand":1,"minecraft:glow_lichen":1,"minecraft:granite":1,"minecraft:acacia_log":15,"minecraft:grass_block":154,"minecraft:spawner":1,"minecraft:hay_block":2,"minecraft:tall_seagrass":4,"minecraft:furnace":1,"minecraft:carrots":1,"minecraft:iron_ore":20,"minecraft:enchanting_table":1,"minecraft:potatoes":37,"minecraft:dirt_path":6,"minecraft:bookshelf":10,"minecraft:deepslate_iron_ore":14,"minecraft:stripped_acacia_log":2,"minecraft:stripped_oak_log":1,"minecraft:stone":379,"minecraft:orange_bed":2,"minecraft:tripwire":3,"minecraft:acacia_leaves":5,"minecraft:glass_pane":1,"minecraft:cherry_planks":1,"minecraft:crafting_table":1,"minecraft:torch":8,"minecraft:chest":1,"minecraft:copper_ore":2,"minecraft:glass":2,"minecraft:tall_grass":6,"minecraft:cobblestone":2,"minecraft:deepslate_gold_ore":7,"minecraft:oak_planks":16,"minecraft:diorite":6,"minecraft:wall_torch":27,"minecraft:pink_petals":115,"minecraft:seagrass":3,"minecraft:birch_log":1,"minecraft:wheat":4,"minecraft:birch_leaves":4,"minecraft:copper_block":18,"minecraft:stone_brick_stairs":1,"minecraft:coal_ore":81,"minecraft:grass":38,"minecraft:oak_log":70,"minecraft:beetroots":1,"minecraft:cherry_leaves":1,"minecraft:gravel":23,"minecraft:sand":63,"minecraft:dirt":78,"minecraft:cracked_stone_bricks":2,"minecraft:stone_bricks":6,"minecraft:polished_andesite":2,"minecraft:gold_ore":1,"minecraft:oak_leaves":7,"minecraft:deepslate":5},"minecraft:dropped":{"livingthings:cooked_lion":1,"minecraft:birch_leaves":4,"minecraft:clock":1,"minecraft:oak_log":46,"minecraft:crafting_table":1,"minecraft:poisonous_potato":1,"minecraft:granite":1,"minecraft:leather_helmet":3,"minecraft:stick":1,"minecraft:polished_andesite":1,"minecraft:dirt":32,"minecraft:diorite":1,"minecraft:brewing_stand":1,"minecraft:cherry_leaves":1,"minecraft:gold_nugget":3,"livingthings:cooked_ostrich":3,"minecraft:cherry_door":1,"minecraft:pink_petals":229,"minecraft:stone_axe":1,"minecraft:iron_nugget":3,"minecraft:stone_sword":2,"minecraft:rotten_flesh":1,"minecraft:oak_planks":120,"minecraft:gunpowder":5,"minecraft:leather_boots":2,"minecraft:spider_eye":3,"minecraft:iron_bars":3,"minecraft:stone_pickaxe":2,"minecraft:raw_gold":8,"minecraft:stone_brick_stairs":1,"minecraft:oak_leaves":1}},"DataVersion":3465}