{"stats":{"minecraft:broken":{"minecraft:golden_shovel":1,"minecraft:stone_axe":1,"minecraft:iron_pickaxe":5,"minecraft:wooden_hoe":1},"minecraft:killed":{"livingthings:snail":1,"minecraft:spider":4,"livingthings:flamingo":3,"minecraft:skeleton":7,"minecraft:horse":5,"livingthings:lion":2,"minecraft:chicken":5,"minecraft:pig":2,"minecraft:creeper":1,"minecraft:sheep":3,"minecraft:zombie":13,"minecraft:cow":4},"minecraft:used":{"minecraft:stone_sword":41,"minecraft:iron_shovel":294,"minecraft:stone_shovel":52,"minecraft:chest":8,"minecraft:shield":2,"minecraft:iron_sword":124,"minecraft:stone_hoe":15,"minecraft:orange_bed":2,"minecraft:torch":261,"minecraft:dirt":124,"minecraft:golden_shovel":32,"minecraft:glass":22,"travelersbackpack:gold":1,"livingthings:cooked_lion":2,"minecraft:furnace":5,"minecraft:cooked_beef":9,"minecraft:potato":115,"minecraft:cooked_mutton":5,"minecraft:water_bucket":13,"minecraft:cobblestone_stairs":111,"minecraft:stone_pickaxe":72,"minecraft:baked_potato":19,"minecraft:oak_planks":207,"minecraft:cherry_planks":45,"minecraft:crafting_table":11,"minecraft:shears":5,"minecraft:oak_log":2,"minecraft:wooden_hoe":82,"minecraft:apple":2,"minecraft:cherry_door":2,"minecraft:string":3,"minecraft:bread":13,"minecraft:iron_pickaxe":1406,"livingthings:lion":3,"minecraft:leather_helmet":1,"minecraft:gravel":2,"minecraft:stone_axe":168,"minecraft:cobblestone":239,"minecraft:potion":2,"minecraft:cooked_porkchop":2,"minecraft:bucket":19,"minecraft:bone_meal":51},"minecraft:mined":{"minecraft:deepslate_diamond_ore":2,"minecraft:cobblestone_stairs":7,"minecraft:cherry_log":24,"minecraft:brewing_stand":1,"minecraft:glow_lichen":1,"minecraft:granite":1,"minecraft:acacia_log":15,"minecraft:grass_block":155,"minecraft:spawner":1,"minecraft:hay_block":2,"minecraft:tall_seagrass":4,"minecraft:furnace":1,"minecraft:carrots":1,"minecraft:iron_ore":20,"minecraft:enchanting_table":1,"minecraft:pointed_dripstone":4,"minecraft:bookshelf":10,"minecraft:potatoes":41,"minecraft:dirt_path":6,"minecraft:deepslate_iron_ore":14,"minecraft:stripped_acacia_log":2,"minecraft:stripped_oak_log":1,"minecraft:stone":1084,"minecraft:orange_bed":2,"minecraft:tripwire":3,"minecraft:acacia_leaves":5,"minecraft:glass_pane":1,"minecraft:cherry_planks":1,"minecraft:crafting_table":1,"minecraft:torch":10,"minecraft:chest":1,"minecraft:copper_ore":2,"minecraft:tall_grass":6,"minecraft:glass":2,"minecraft:cobblestone":106,"minecraft:deepslate_gold_ore":7,"minecraft:oak_planks":16,"minecraft:diorite":6,"minecraft:wall_torch":39,"minecraft:pink_petals":116,"minecraft:seagrass":3,"minecraft:birch_log":1,"minecraft:wheat":4,"minecraft:birch_leaves":4,"minecraft:stone_brick_stairs":1,"minecraft:copper_block":18,"minecraft:oak_log":70,"minecraft:grass":38,"minecraft:coal_ore":151,"minecraft:beetroots":1,"minecraft:cherry_leaves":1,"minecraft:gravel":23,"minecraft:sand":63,"minecraft:dirt":100,"minecraft:cracked_stone_bricks":2,"minecraft:polished_andesite":2,"minecraft:stone_bricks":6,"minecraft:gold_ore":1,"minecraft:oak_leaves":7,"minecraft:deepslate":5},"minecraft:dropped":{"livingthings:cooked_lion":1,"minecraft:birch_leaves":4,"minecraft:clock":1,"minecraft:oak_log":46,"minecraft:crafting_table":1,"minecraft:poisonous_potato":1,"minecraft:granite":1,"minecraft:leather_helmet":3,"minecraft:stick":1,"minecraft:polished_andesite":1,"minecraft:dirt":32,"minecraft:diorite":1,"minecraft:brewing_stand":1,"minecraft:cherry_leaves":1,"minecraft:gold_nugget":3,"livingthings:cooked_ostrich":3,"minecraft:iron_shovel":1,"minecraft:cherry_door":1,"minecraft:pink_petals":337,"minecraft:stone_axe":1,"minecraft:iron_nugget":3,"minecraft:stone_sword":2,"minecraft:rotten_flesh":1,"minecraft:oak_planks":120,"minecraft:gunpowder":5,"minecraft:leather_boots":2,"minecraft:spider_eye":3,"minecraft:iron_bars":3,"minecraft:stone_pickaxe":2,"minecraft:raw_gold":8,"minecraft:stone_brick_stairs":1,"minecraft:oak_leaves":1},"minecraft:custom":{"minecraft:mob_kills":50,"minecraft:interact_with_crafting_table":35,"minecraft:eat_cake_slice":1,"minecraft:leave_game":4,"minecraft:time_since_death":181922,"minecraft:sprint_one_cm":536706,"minecraft:walk_one_cm":530321,"minecraft:damage_blocked_by_shield":60,"minecraft:drop":50,"minecraft:play_time":197836,"minecraft:sneak_time":385,"minecraft:deaths":1,"minecraft:walk_under_water_one_cm":7662,"minecraft:jump":2469,"minecraft:walk_on_water_one_cm":20166,"minecraft:total_world_time":197836,"minecraft:interact_with_furnace":40,"minecraft:sleep_in_bed":9,"minecraft:time_since_rest":46740,"minecraft:damage_taken":2632,"minecraft:damage_dealt":7518,"minecraft:swim_one_cm":11332,"minecraft:fly_one_cm":354742,"minecraft:crouch_one_cm":1691,"minecraft:open_chest":150,"minecraft:fall_one_cm":66354},"minecraft:crafted":{"minecraft:cherry_planks":92,"minecraft:oak_planks":276,"minecraft:furnace":4,"minecraft:cobblestone_stairs":124,"livingthings:cooked_ostrich":3,"minecraft:bone_meal":51,"minecraft:cooked_mutton":5,"minecraft:glass":41,"travelersbackpack:white_sleeping_bag":1,"travelersbackpack:gold":1,"minecraft:chest":8,"minecraft:stone_hoe":1,"minecraft:wheat":18,"minecraft:cooked_beef":5,"livingthings:cooked_lion":2,"minecraft:crafting_table":10,"travelersbackpack:backpack_tank":2,"minecraft:iron_helmet":1,"minecraft:baked_potato":30,"travelersbackpack:standard":1,"minecraft:iron_sword":1,"minecraft:leather_helmet":1,"minecraft:bucket":1,"minecraft:stone_axe":1,"minecraft:bread":6,"minecraft:air":0,"minecraft:wooden_hoe":1,"minecraft:iron_chestplate":1,"minecraft:stick":78,"minecraft:iron_ingot":34,"minecraft:iron_pickaxe":5,"minecraft:iron_shovel":2,"minecraft:cherry_door":3,"minecraft:gold_ingot":3,"minecraft:torch":232,"minecraft:shears":1},"minecraft:picked_up":{"livingthings:lion":5,"minecraft:crafting_table":3,"minecraft:chicken":4,"minecraft:leather_leggings":1,"minecraft:stone_brick_stairs":1,"minecraft:brewing_stand":1,"minecraft:string":7,"minecraft:raw_copper":5,"minecraft:iron_shovel":1,"minecraft:cobbled_deepslate":5,"minecraft:beef":8,"minecraft:chest":1,"minecraft:furnace":1,"minecraft:egg":1,"minecraft:raw_iron":34,"minecraft:torch":97,"minecraft:acacia_log":18,"minecraft:porkchop":5,"minecraft:cherry_log":23,"minecraft:pointed_dripstone":4,"minecraft:diorite":5,"minecraft:carrot":3,"minecraft:orange_bed":2,"minecraft:stone_sword":3,"minecraft:arrow":8,"minecraft:rotten_flesh":11,"minecraft:stone_shovel":1,"minecraft:hay_block":2,"minecraft:mutton":5,"minecraft:iron_bars":5,"livingthings:cooked_lion":1,"minecraft:white_wool":10,"minecraft:cobblestone":1180,"minecraft:stripped_oak_log":1,"minecraft:birch_log":6,"minecraft:enchanting_table":1,"minecraft:pink_petals":347,"minecraft:birch_leaves":4,"minecraft:clock":1,"minecraft:feather":7,"minecraft:cherry_planks":1,"minecraft:cherry_leaves":1,"minecraft:leather":15,"minecraft:copper_block":18,"minecraft:potato":139,"minecraft:oak_log":194,"minecraft:gunpowder":11,"minecraft:cobblestone_stairs":6,"minecraft:dirt":289,"minecraft:bone":11,"minecraft:stone_bricks":2,"minecraft:bow":1,"minecraft:wheat_seeds":8,"minecraft:raw_gold":8,"minecraft:iron_ingot":2,"minecraft:stone_pickaxe":3,"minecraft:oak_planks":156,"minecraft:book":30,"minecraft:cooked_porkchop":2,"travelersbackpack:squid":1,"minecraft:poisonous_potato":1,"minecraft:gravel":22,"minecraft:sand":61,"minecraft:spider_eye":4,"minecraft:leather_helmet":1,"minecraft:stripped_acacia_log":2,"minecraft:polished_andesite":1,"minecraft:slime_ball":2,"minecraft:diamond":2,"minecraft:stone_axe":2,"minecraft:granite":2,"minecraft:black_wool":1,"minecraft:oak_leaves":1,"minecraft:coal":147,"minecraft:pink_dye":2}},"DataVersion":3465}