{"stats":{"minecraft:broken":{"minecraft:iron_shovel":1,"minecraft:golden_shovel":1,"minecraft:stone_axe":1,"minecraft:iron_pickaxe":6,"minecraft:wooden_hoe":1},"minecraft:killed":{"livingthings:snail":2,"minecraft:spider":6,"livingthings:flamingo":3,"minecraft:skeleton":14,"minecraft:horse":5,"livingthings:lion":2,"minecraft:chicken":5,"minecraft:pig":2,"minecraft:creeper":2,"minecraft:sheep":3,"minecraft:zombie":31,"minecraft:cow":4},"minecraft:used":{"minecraft:stone_sword":41,"minecraft:iron_shovel":863,"minecraft:stone_shovel":52,"minecraft:chest":8,"minecraft:shield":14,"minecraft:iron_sword":242,"minecraft:stone_hoe":15,"minecraft:orange_bed":2,"minecraft:torch":432,"minecraft:dirt":660,"minecraft:golden_shovel":32,"minecraft:tuff":3,"minecraft:glass":22,"minecraft:lava_bucket":2,"travelersbackpack:gold":1,"minecraft:iron_axe":9,"minecraft:stone_bricks":439,"livingthings:cooked_lion":2,"minecraft:furnace":10,"minecraft:cooked_beef":9,"minecraft:potato":187,"minecraft:cooked_mutton":5,"minecraft:water_bucket":16,"minecraft:cobblestone_stairs":111,"minecraft:stone_pickaxe":72,"minecraft:baked_potato":51,"minecraft:oak_planks":207,"minecraft:cherry_planks":45,"minecraft:crafting_table":12,"minecraft:blast_furnace":3,"minecraft:shears":5,"minecraft:smoker":5,"minecraft:oak_log":2,"minecraft:wooden_hoe":82,"minecraft:apple":2,"minecraft:cherry_door":2,"minecraft:string":3,"minecraft:bread":14,"minecraft:iron_pickaxe":1711,"livingthings:lion":3,"minecraft:leather_helmet":1,"minecraft:gravel":2,"minecraft:pink_petals":3,"minecraft:stone_axe":214,"minecraft:cobblestone":307,"minecraft:potion":2,"minecraft:cooked_porkchop":2,"minecraft:bucket":25,"minecraft:bone_meal":51},"minecraft:mined":{"minecraft:tuff":3,"minecraft:deepslate_diamond_ore":5,"minecraft:cobblestone_stairs":7,"minecraft:cherry_log":61,"minecraft:stripped_cherry_log":1,"minecraft:brewing_stand":1,"minecraft:glow_lichen":2,"minecraft:granite":3,"minecraft:acacia_log":15,"minecraft:grass_block":461,"minecraft:spawner":2,"minecraft:hay_block":2,"minecraft:tall_seagrass":4,"minecraft:furnace":2,"minecraft:carrots":1,"minecraft:iron_ore":60,"minecraft:andesite":1,"minecraft:enchanting_table":1,"minecraft:pointed_dripstone":4,"minecraft:bookshelf":10,"minecraft:potatoes":113,"minecraft:dirt_path":6,"minecraft:deepslate_iron_ore":24,"minecraft:stripped_acacia_log":2,"minecraft:stripped_oak_log":2,"minecraft:stone":1108,"minecraft:orange_bed":2,"minecraft:tripwire":3,"minecraft:deepslate_redstone_ore":22,"minecraft:acacia_leaves":5,"minecraft:glass_pane":1,"minecraft:cherry_planks":1,"minecraft:crafting_table":1,"minecraft:torch":11,"minecraft:chest":1,"minecraft:copper_ore":2,"minecraft:tall_grass":9,"minecraft:glass":2,"minecraft:cobblestone":108,"minecraft:deepslate_gold_ore":22,"minecraft:oak_planks":16,"minecraft:diorite":7,"minecraft:wall_torch":46,"minecraft:pink_petals":282,"minecraft:seagrass":3,"minecraft:birch_log":1,"minecraft:wheat":4,"minecraft:birch_leaves":4,"minecraft:stone_brick_stairs":1,"minecraft:copper_block":18,"minecraft:oak_log":76,"minecraft:grass":75,"minecraft:coal_ore":208,"minecraft:beetroots":1,"minecraft:cherry_leaves":6,"minecraft:gravel":23,"minecraft:sand":63,"minecraft:dirt":302,"minecraft:cracked_stone_bricks":2,"minecraft:polished_andesite":2,"minecraft:stone_bricks":105,"minecraft:gold_ore":2,"minecraft:oak_leaves":7,"minecraft:deepslate":18},"minecraft:dropped":{"livingthings:cooked_lion":1,"minecraft:iron_sword":1,"minecraft:birch_leaves":4,"minecraft:clock":1,"minecraft:oak_log":46,"minecraft:baked_potato":1,"minecraft:crafting_table":1,"minecraft:poisonous_potato":1,"minecraft:granite":1,"minecraft:leather_helmet":3,"minecraft:stick":1,"minecraft:polished_andesite":1,"minecraft:dirt":32,"minecraft:diorite":2,"minecraft:brewing_stand":1,"minecraft:cherry_leaves":5,"minecraft:gold_nugget":3,"livingthings:cooked_ostrich":3,"minecraft:iron_shovel":1,"minecraft:cherry_door":1,"minecraft:pink_petals":1010,"minecraft:stone_axe":1,"minecraft:iron_nugget":3,"minecraft:stone_sword":2,"minecraft:rotten_flesh":1,"minecraft:oak_planks":120,"minecraft:shield":1,"minecraft:gunpowder":5,"minecraft:andesite":1,"minecraft:leather_boots":2,"minecraft:spider_eye":3,"minecraft:iron_bars":3,"minecraft:stone_pickaxe":2,"minecraft:raw_gold":8,"minecraft:stone_brick_stairs":1,"minecraft:oak_leaves":1},"minecraft:custom":{"minecraft:mob_kills":81,"minecraft:interact_with_crafting_table":45,"minecraft:eat_cake_slice":1,"minecraft:leave_game":4,"minecraft:time_since_death":271922,"minecraft:sprint_one_cm":818399,"minecraft:walk_one_cm":895673,"minecraft:damage_blocked_by_shield":515,"minecraft:drop":68,"minecraft:play_time":287836,"minecraft:sneak_time":575,"minecraft:deaths":1,"minecraft:walk_under_water_one_cm":8504,"minecraft:jump":3752,"minecraft:interact_with_blast_furnace":10,"minecraft:walk_on_water_one_cm":22428,"minecraft:total_world_time":287836,"minecraft:interact_with_furnace":114,"minecraft:sleep_in_bed":12,"minecraft:time_since_rest":2008,"minecraft:damage_taken":3992,"minecraft:damage_dealt":13509,"minecraft:swim_one_cm":11332,"minecraft:fly_one_cm":483040,"minecraft:crouch_one_cm":2182,"minecraft:open_chest":173,"minecraft:interact_with_smoker":5,"minecraft:fall_one_cm":101383},"minecraft:crafted":{"minecraft:cherry_planks":92,"minecraft:smooth_stone":13,"minecraft:oak_planks":276,"minecraft:furnace":16,"minecraft:blast_furnace":3,"minecraft:stone":359,"minecraft:cobblestone_stairs":124,"livingthings:cooked_ostrich":3,"minecraft:bone_meal":51,"minecraft:cooked_mutton":5,"minecraft:glass":41,"travelersbackpack:white_sleeping_bag":1,"minecraft:iron_axe":2,"travelersbackpack:gold":1,"minecraft:chest":8,"minecraft:stone_hoe":1,"minecraft:stone_bricks":344,"minecraft:smoker":5,"minecraft:wheat":18,"minecraft:cooked_beef":5,"livingthings:cooked_lion":2,"minecraft:crafting_table":11,"travelersbackpack:backpack_tank":2,"minecraft:iron_helmet":1,"minecraft:baked_potato":60,"travelersbackpack:standard":1,"minecraft:iron_sword":1,"minecraft:leather_helmet":1,"minecraft:bucket":1,"minecraft:stone_axe":1,"minecraft:bread":6,"minecraft:air":0,"minecraft:charcoal":9,"minecraft:wooden_hoe":1,"minecraft:iron_chestplate":1,"minecraft:stick":106,"minecraft:iron_ingot":83,"minecraft:iron_pickaxe":6,"minecraft:iron_shovel":2,"minecraft:cherry_door":3,"minecraft:gold_ingot":3,"minecraft:torch":320,"minecraft:shears":1},"minecraft:picked_up":{"livingthings:lion":5,"minecraft:crafting_table":3,"minecraft:chicken":4,"minecraft:leather_leggings":1,"minecraft:stripped_cherry_log":1,"minecraft:stone_brick_stairs":1,"minecraft:brewing_stand":1,"minecraft:shield":1,"minecraft:string":9,"minecraft:raw_copper":5,"minecraft:iron_shovel":1,"minecraft:cobbled_deepslate":20,"minecraft:beef":8,"minecraft:chest":1,"minecraft:furnace":2,"minecraft:egg":1,"minecraft:stick":6,"minecraft:raw_iron":83,"minecraft:torch":109,"minecraft:acacia_log":18,"minecraft:porkchop":5,"minecraft:cherry_log":59,"minecraft:pointed_dripstone":4,"minecraft:diorite":6,"minecraft:carrot":3,"minecraft:redstone":101,"minecraft:orange_bed":2,"minecraft:stone_sword":3,"minecraft:arrow":13,"minecraft:rotten_flesh":26,"minecraft:stone_shovel":1,"minecraft:hay_block":2,"minecraft:mutton":5,"minecraft:iron_bars":5,"livingthings:cooked_lion":1,"minecraft:white_wool":10,"minecraft:cobblestone":1200,"minecraft:stripped_oak_log":2,"minecraft:birch_log":6,"minecraft:enchanting_table":1,"minecraft:pink_petals":1060,"minecraft:birch_leaves":4,"minecraft:clock":1,"minecraft:feather":7,"minecraft:cherry_planks":1,"minecraft:cherry_leaves":5,"minecraft:andesite":1,"minecraft:leather":15,"minecraft:copper_block":18,"minecraft:potato":316,"minecraft:tuff":3,"minecraft:oak_log":199,"minecraft:gunpowder":11,"minecraft:cobblestone_stairs":6,"minecraft:dirt":785,"minecraft:bone":18,"minecraft:stone_bricks":99,"minecraft:bow":2,"minecraft:wheat_seeds":20,"minecraft:raw_gold":24,"minecraft:iron_ingot":2,"minecraft:stone_pickaxe":3,"minecraft:iron_sword":1,"minecraft:oak_planks":156,"minecraft:book":30,"minecraft:cooked_porkchop":2,"travelersbackpack:squid":1,"minecraft:poisonous_potato":2,"minecraft:gravel":22,"minecraft:sand":61,"minecraft:grass_block":1,"minecraft:spider_eye":5,"minecraft:leather_helmet":1,"minecraft:stripped_acacia_log":2,"minecraft:polished_andesite":1,"minecraft:slime_ball":5,"minecraft:diamond":5,"minecraft:stone_axe":2,"minecraft:granite":4,"minecraft:cherry_sapling":5,"minecraft:baked_potato":1,"minecraft:black_wool":1,"minecraft:oak_leaves":1,"minecraft:coal":199,"minecraft:pink_dye":2}},"DataVersion":3465}