{"stats":{"minecraft:broken":{"minecraft:stone_pickaxe":5,"minecraft:iron_pickaxe":1},"minecraft:killed":{"minecraft:spider":2,"livingthings:raccoon":2,"livingthings:ostrich":1,"minecraft:skeleton":2,"minecraft:pig":2,"minecraft:iron_golem":1,"minecraft:sheep":2,"minecraft:zombie":4,"minecraft:villager":1},"minecraft:used":{"minecraft:stone_sword":153,"minecraft:chest":3,"minecraft:shield":4,"minecraft:cooked_chicken":2,"minecraft:rotten_flesh":2,"minecraft:orange_bed":6,"minecraft:torch":52,"minecraft:dirt":95,"minecraft:carrot":2,"minecraft:granite":4,"minecraft:wooden_axe":12,"minecraft:birch_button":1,"livingthings:cooked_lion":3,"minecraft:oak_sapling":2,"minecraft:furnace":3,"minecraft:minecart":6,"minecraft:acacia_fence":1,"minecraft:egg":2,"minecraft:cobbled_deepslate":3,"minecraft:cooked_beef":4,"minecraft:acacia_planks":74,"minecraft:wheat_seeds":19,"minecraft:acacia_boat":6,"minecraft:diorite":51,"minecraft:birch_planks":27,"minecraft:baked_potato":1,"minecraft:stone_pickaxe":732,"minecraft:oak_planks":2,"minecraft:wooden_pickaxe":42,"minecraft:birch_boat":1,"minecraft:stonecutter":1,"ironchest:wood_to_copper_chest_upgrade":1,"minecraft:rail":16,"minecraft:yellow_terracotta":10,"livingthings:cooked_ostrich":2,"minecraft:crafting_table":7,"minecraft:bread":22,"minecraft:iron_pickaxe":253,"minecraft:stone_axe":77,"minecraft:cobblestone":155,"minecraft:potion":1,"minecraft:cooked_porkchop":2,"minecraft:andesite":2,"minecraft:birch_log":3},"minecraft:dropped":{"minecraft:bread":1,"minecraft:wheat_seeds":1,"minecraft:baked_potato":1,"minecraft:glass_bottle":3,"minecraft:minecart":1,"minecraft:crafting_table":1,"minecraft:cobblestone":10,"minecraft:copper_ingot":1,"minecraft:golden_apple":2,"minecraft:stick":6,"minecraft:cobweb":6,"minecraft:leather_horse_armor":2,"minecraft:torch":18,"minecraft:wooden_axe":1,"minecraft:string":2,"minecraft:acacia_planks":6,"minecraft:stone_axe":1,"minecraft:stone_sword":1,"minecraft:stone_shovel":1,"minecraft:light_gray_wool":1,"minecraft:oak_planks":16,"minecraft:carrot":6,"minecraft:flint_and_steel":4,"minecraft:gunpowder":10,"minecraft:slime_ball":2,"minecraft:birch_button":7,"minecraft:stone_pickaxe":2},"minecraft:mined":{"minecraft:yellow_terracotta":32,"minecraft:tuff":4,"minecraft:attached_melon_stem":1,"minecraft:brewing_stand":1,"minecraft:granite":55,"minecraft:acacia_log":31,"minecraft:grass_block":41,"minecraft:spawner":1,"minecraft:furnace":1,"minecraft:iron_ore":33,"minecraft:acacia_wood":9,"minecraft:andesite":39,"minecraft:peony":1,"minecraft:deepslate_iron_ore":3,"minecraft:dirt_path":9,"minecraft:rail":16,"minecraft:stone":321,"minecraft:orange_bed":6,"minecraft:acacia_leaves":11,"minecraft:glass_pane":2,"minecraft:crafting_table":5,"minecraft:torch":5,"minecraft:chest":1,"minecraft:tall_grass":5,"minecraft:copper_ore":42,"minecraft:cobblestone":42,"minecraft:lapis_ore":4,"minecraft:deepslate_gold_ore":1,"minecraft:diorite":97,"minecraft:wall_torch":8,"minecraft:deepslate_copper_ore":1,"minecraft:birch_planks":1,"minecraft:birch_log":6,"minecraft:wheat":82,"minecraft:birch_leaves":1,"minecraft:yellow_glazed_terracotta":1,"minecraft:grass":76,"minecraft:black_wool":1,"minecraft:oak_log":5,"minecraft:coal_ore":53,"minecraft:acacia_fence":1,"minecraft:gravel":24,"minecraft:dripstone_block":1,"minecraft:dirt":37,"minecraft:cracked_stone_bricks":2,"minecraft:acacia_planks":19,"minecraft:stonecutter":1,"minecraft:polished_andesite":6,"minecraft:netherrack":2,"minecraft:gold_ore":10,"minecraft:oak_leaves":9,"minecraft:deepslate":201},"minecraft:custom":{"minecraft:mob_kills":17,"minecraft:interact_with_crafting_table":55,"minecraft:eat_cake_slice":1,"minecraft:leave_game":6,"minecraft:time_since_death":194939,"minecraft:sprint_one_cm":444552,"minecraft:walk_one_cm":743583,"minecraft:damage_blocked_by_shield":85,"minecraft:drop":47,"minecraft:talked_to_villager":2,"minecraft:play_time":237140,"minecraft:sneak_time":7100,"minecraft:deaths":7,"minecraft:walk_under_water_one_cm":19811,"minecraft:boat_one_cm":70574,"minecraft:jump":3262,"minecraft:walk_on_water_one_cm":21579,"minecraft:total_world_time":237140,"minecraft:interact_with_furnace":94,"minecraft:interact_with_cartography_table":2,"minecraft:tune_noteblock":26,"minecraft:interact_with_stonecutter":5,"minecraft:sleep_in_bed":11,"minecraft:time_since_rest":47684,"minecraft:damage_taken":3220,"minecraft:damage_dealt":3477,"minecraft:swim_one_cm":7278,"minecraft:fly_one_cm":485923,"minecraft:open_chest":106,"minecraft:crouch_one_cm":27581,"minecraft:fall_one_cm":78951,"minecraft:horse_one_cm":1900},"minecraft:crafted":{"minecraft:oak_planks":24,"minecraft:birch_boat":1,"minecraft:cooked_chicken":2,"minecraft:furnace":3,"livingthings:cooked_ostrich":2,"minecraft:cooked_mutton":3,"minecraft:iron_boots":1,"minecraft:stone_pickaxe":7,"minecraft:chest":2,"minecraft:rail":16,"minecraft:birch_button":7,"ironchest:wood_to_copper_chest_upgrade":1,"livingthings:cooked_lion":3,"minecraft:cooked_porkchop":2,"minecraft:crafting_table":2,"minecraft:iron_helmet":1,"minecraft:wooden_pickaxe":1,"minecraft:copper_ingot":42,"minecraft:birch_planks":40,"minecraft:stone_axe":1,"minecraft:bread":20,"minecraft:acacia_boat":2,"minecraft:air":0,"minecraft:iron_chestplate":1,"minecraft:charcoal":6,"minecraft:golden_apple":3,"minecraft:shield":1,"minecraft:stick":32,"minecraft:iron_ingot":34,"minecraft:iron_pickaxe":2,"minecraft:wooden_axe":1,"minecraft:iron_leggings":1,"minecraft:gold_ingot":14,"minecraft:acacia_planks":132,"minecraft:torch":24},"minecraft:picked_up":{"minecraft:wooden_axe":2,"minecraft:crafting_table":8,"minecraft:wheat":60,"minecraft:wooden_pickaxe":2,"minecraft:acacia_pressure_plate":1,"minecraft:potion":1,"minecraft:birch_button":7,"minecraft:brewing_stand":1,"minecraft:shield":1,"minecraft:string":8,"minecraft:raw_copper":165,"minecraft:acacia_door":2,"minecraft:flint_and_steel":2,"minecraft:gold_nugget":3,"minecraft:cobbled_deepslate":200,"livingthings:ostrich":2,"minecraft:poppy":1,"minecraft:light_gray_wool":1,"minecraft:minecart":7,"minecraft:chest":1,"minecraft:furnace":1,"minecraft:egg":2,"minecraft:stick":16,"minecraft:raw_iron":36,"minecraft:acacia_fence":1,"minecraft:copper_ingot":1,"minecraft:torch":35,"minecraft:acacia_log":36,"minecraft:porkchop":2,"minecraft:diorite":96,"minecraft:carrot":6,"minecraft:orange_bed":6,"minecraft:stone_sword":3,"minecraft:arrow":8,"minecraft:rotten_flesh":5,"minecraft:stone_shovel":1,"minecraft:peony":1,"minecraft:yellow_terracotta":32,"minecraft:leather_horse_armor":1,"minecraft:mutton":3,"minecraft:iron_bars":2,"minecraft:white_wool":1,"minecraft:rail":16,"minecraft:cobblestone":378,"minecraft:birch_log":17,"minecraft:leather_chestplate":1,"minecraft:feather":7,"minecraft:andesite":41,"minecraft:acacia_wood":9,"minecraft:birch_planks":7,"minecraft:tuff":4,"minecraft:oak_log":8,"minecraft:yellow_glazed_terracotta":1,"minecraft:gunpowder":5,"minecraft:acacia_boat":6,"minecraft:lapis_lazuli":33,"minecraft:dirt":145,"minecraft:bone":2,"minecraft:acacia_planks":104,"minecraft:stonecutter":1,"minecraft:wheat_seeds":205,"minecraft:raw_gold":11,"minecraft:stone_pickaxe":2,"minecraft:iron_ingot":4,"minecraft:cobweb":6,"minecraft:glass_bottle":2,"minecraft:acacia_sapling":1,"minecraft:oak_planks":23,"minecraft:birch_boat":1,"minecraft:gravel":26,"minecraft:spider_eye":1,"minecraft:stripped_acacia_log":2,"minecraft:polished_andesite":4,"minecraft:slime_ball":3,"minecraft:stone_axe":2,"minecraft:granite":55,"minecraft:gray_wool":1,"minecraft:golden_apple":2,"minecraft:bread":14,"minecraft:oak_sapling":2,"minecraft:melon_seeds":3,"minecraft:coal":53}},"DataVersion":3465}