{"stats":{"minecraft:broken":{"minecraft:stone_sword":1,"minecraft:stone_pickaxe":9,"minecraft:stone_axe":1,"minecraft:iron_pickaxe":1},"minecraft:killed":{"livingthings:peacock":3,"minecraft:spider":2,"livingthings:raccoon":3,"livingthings:ostrich":1,"minecraft:skeleton":3,"minecraft:pig":2,"livingthings:giraffe":3,"minecraft:iron_golem":1,"minecraft:sheep":2,"minecraft:zombie":12,"minecraft:villager":1},"minecraft:used":{"minecraft:stone_sword":190,"minecraft:black_carpet":4,"minecraft:chest":3,"minecraft:shield":23,"minecraft:cooked_chicken":2,"minecraft:rotten_flesh":2,"minecraft:orange_bed":11,"minecraft:torch":81,"minecraft:dirt":109,"minecraft:carrot":2,"minecraft:granite":4,"minecraft:glass":16,"minecraft:wooden_axe":12,"minecraft:lava_bucket":6,"minecraft:birch_button":1,"livingthings:cooked_lion":3,"minecraft:oak_sapling":2,"minecraft:furnace":4,"minecraft:minecart":9,"minecraft:acacia_fence":2,"livingthings:cooked_giraffe":1,"minecraft:egg":2,"minecraft:cobbled_deepslate":108,"minecraft:cooked_beef":4,"minecraft:acacia_planks":139,"minecraft:cooked_mutton":1,"minecraft:wheat_seeds":19,"minecraft:acacia_boat":16,"minecraft:diorite":72,"minecraft:powered_rail":8,"minecraft:acacia_trapdoor":5,"minecraft:birch_planks":31,"minecraft:baked_potato":1,"minecraft:stone_pickaxe":1187,"minecraft:oak_planks":2,"minecraft:cobblestone_slab":2,"minecraft:polished_diorite_slab":1,"minecraft:wooden_pickaxe":42,"minecraft:birch_boat":1,"minecraft:stonecutter":1,"ironchest:wood_to_copper_chest_upgrade":1,"minecraft:oak_leaves":5,"minecraft:rail":33,"minecraft:yellow_terracotta":10,"livingthings:cooked_ostrich":2,"minecraft:crafting_table":9,"minecraft:smoker":1,"minecraft:shears":6,"minecraft:acacia_stairs":4,"minecraft:black_wool":1,"minecraft:bread":37,"minecraft:iron_pickaxe":327,"minecraft:cobbled_deepslate_slab":2,"minecraft:stone_axe":133,"travelersbackpack:standard":1,"minecraft:diamond_sword":59,"minecraft:cobblestone":226,"minecraft:potion":1,"minecraft:grindstone":1,"minecraft:cooked_porkchop":2,"minecraft:bucket":8,"minecraft:andesite":2,"minecraft:birch_log":3},"minecraft:dropped":{"minecraft:bread":6,"minecraft:wheat_seeds":2,"minecraft:baked_potato":1,"minecraft:mossy_cobblestone":5,"minecraft:glass_bottle":3,"minecraft:minecart":1,"minecraft:crafting_table":1,"minecraft:cobblestone":106,"minecraft:granite":39,"minecraft:copper_ingot":1,"minecraft:golden_apple":2,"minecraft:stick":7,"minecraft:cobweb":6,"minecraft:diorite":4,"minecraft:leather_horse_armor":2,"minecraft:torch":18,"minecraft:wooden_axe":1,"minecraft:string":2,"minecraft:acacia_planks":6,"minecraft:gravel":17,"minecraft:stone_axe":1,"minecraft:cobbled_deepslate":241,"minecraft:stone_sword":1,"minecraft:stone_shovel":1,"minecraft:rotten_flesh":7,"minecraft:light_gray_wool":1,"minecraft:oak_planks":16,"minecraft:carrot":6,"minecraft:flint_and_steel":4,"minecraft:gunpowder":10,"minecraft:andesite":25,"minecraft:arrow":2,"minecraft:slime_ball":2,"minecraft:birch_button":7,"minecraft:stone_pickaxe":3},"minecraft:mined":{"minecraft:yellow_terracotta":33,"minecraft:tuff":36,"minecraft:attached_melon_stem":1,"minecraft:mossy_cobblestone":7,"minecraft:deepslate_diamond_ore":5,"minecraft:brewing_stand":1,"minecraft:granite":55,"minecraft:acacia_log":35,"minecraft:grass_block":43,"minecraft:acacia_pressure_plate":1,"minecraft:spawner":2,"minecraft:furnace":2,"minecraft:acacia_trapdoor":1,"minecraft:cobbled_deepslate":37,"minecraft:iron_ore":33,"minecraft:acacia_wood":9,"minecraft:acacia_stairs":4,"minecraft:andesite":41,"minecraft:peony":1,"minecraft:deepslate_iron_ore":11,"minecraft:dirt_path":17,"minecraft:rail":17,"minecraft:stone":321,"minecraft:orange_bed":11,"minecraft:deepslate_redstone_ore":19,"minecraft:acacia_leaves":11,"minecraft:glass_pane":2,"minecraft:crafting_table":7,"minecraft:torch":6,"minecraft:chest":3,"minecraft:polished_diorite_slab":1,"minecraft:tall_grass":5,"minecraft:copper_ore":42,"minecraft:cobblestone":63,"minecraft:oak_planks":2,"minecraft:lapis_ore":4,"minecraft:deepslate_gold_ore":1,"minecraft:diorite":113,"minecraft:wall_torch":9,"minecraft:deepslate_copper_ore":1,"minecraft:birch_planks":8,"minecraft:powered_rail":2,"minecraft:birch_log":6,"minecraft:wheat":82,"minecraft:birch_leaves":1,"minecraft:yellow_glazed_terracotta":1,"minecraft:grass":92,"minecraft:black_wool":2,"minecraft:oak_log":5,"minecraft:coal_ore":53,"minecraft:sand":34,"minecraft:acacia_fence":2,"minecraft:gravel":24,"minecraft:dripstone_block":1,"minecraft:dirt":60,"minecraft:cracked_stone_bricks":2,"minecraft:acacia_planks":56,"minecraft:stonecutter":1,"minecraft:polished_andesite":6,"minecraft:netherrack":2,"minecraft:gold_ore":10,"minecraft:oak_leaves":17,"minecraft:deepslate":555},"minecraft:custom":{"minecraft:mob_kills":37,"minecraft:interact_with_crafting_table":89,"minecraft:bell_ring":1,"minecraft:eat_cake_slice":1,"minecraft:leave_game":6,"minecraft:time_since_death":332939,"minecraft:sprint_one_cm":629134,"minecraft:walk_one_cm":1058556,"minecraft:damage_blocked_by_shield":670,"minecraft:drop":68,"minecraft:talked_to_villager":15,"minecraft:play_time":375140,"minecraft:sneak_time":20508,"minecraft:deaths":7,"minecraft:walk_under_water_one_cm":20532,"minecraft:boat_one_cm":118741,"minecraft:jump":4695,"minecraft:walk_on_water_one_cm":28062,"minecraft:total_world_time":375140,"minecraft:interact_with_furnace":131,"minecraft:interact_with_cartography_table":3,"minecraft:tune_noteblock":26,"minecraft:interact_with_grindstone":5,"minecraft:interact_with_stonecutter":21,"minecraft:sleep_in_bed":19,"minecraft:time_since_rest":16836,"minecraft:damage_taken":3686,"minecraft:damage_dealt":6282,"minecraft:swim_one_cm":7278,"minecraft:fly_one_cm":649345,"minecraft:open_chest":167,"minecraft:crouch_one_cm":73483,"minecraft:interact_with_smoker":4,"minecraft:fall_one_cm":104336,"minecraft:horse_one_cm":1900},"minecraft:crafted":{"minecraft:grindstone":1,"minecraft:oak_planks":24,"minecraft:cobblestone_slab":2,"minecraft:birch_boat":1,"minecraft:cooked_chicken":2,"minecraft:furnace":4,"livingthings:cooked_ostrich":2,"minecraft:cooked_mutton":3,"minecraft:glass":33,"minecraft:iron_boots":1,"minecraft:stone_pickaxe":9,"minecraft:chest":3,"minecraft:rail":16,"minecraft:birch_button":7,"minecraft:polished_diorite_slab":2,"minecraft:smoker":1,"ironchest:wood_to_copper_chest_upgrade":1,"livingthings:cooked_lion":3,"minecraft:diamond_sword":1,"minecraft:cooked_porkchop":2,"minecraft:powered_rail":6,"minecraft:crafting_table":3,"livingthings:cooked_giraffe":4,"travelersbackpack:standard":1,"travelersbackpack:backpack_tank":2,"minecraft:iron_helmet":1,"minecraft:wooden_pickaxe":1,"minecraft:acacia_trapdoor":4,"minecraft:copper_ingot":42,"travelersbackpack:black_sleeping_bag":1,"minecraft:bucket":2,"minecraft:birch_planks":40,"minecraft:stone_axe":1,"minecraft:bread":20,"minecraft:acacia_boat":2,"minecraft:air":0,"minecraft:diamond_pickaxe":1,"minecraft:iron_chestplate":1,"minecraft:charcoal":7,"minecraft:golden_apple":3,"minecraft:shield":1,"minecraft:stick":52,"minecraft:stone_slab":2,"minecraft:redstone_torch":1,"minecraft:iron_ingot":45,"minecraft:iron_pickaxe":3,"minecraft:wooden_axe":1,"minecraft:black_carpet":6,"minecraft:iron_leggings":1,"minecraft:gold_ingot":14,"minecraft:acacia_planks":156,"minecraft:torch":48,"minecraft:shears":1},"minecraft:picked_up":{"minecraft:wooden_axe":2,"minecraft:crafting_table":10,"minecraft:wheat":60,"minecraft:wooden_pickaxe":2,"minecraft:acacia_pressure_plate":2,"minecraft:potion":1,"minecraft:birch_button":7,"minecraft:brewing_stand":1,"minecraft:shield":1,"minecraft:string":8,"minecraft:raw_copper":165,"minecraft:acacia_door":2,"minecraft:flint_and_steel":2,"minecraft:gold_nugget":3,"minecraft:cobbled_deepslate":581,"livingthings:ostrich":2,"minecraft:poppy":1,"minecraft:light_gray_wool":1,"minecraft:minecart":9,"minecraft:chest":3,"minecraft:furnace":2,"minecraft:egg":2,"minecraft:stick":16,"minecraft:raw_iron":44,"minecraft:acacia_fence":2,"minecraft:copper_ingot":1,"minecraft:torch":37,"minecraft:acacia_log":40,"minecraft:porkchop":2,"minecraft:diorite":111,"minecraft:carrot":6,"minecraft:redstone":83,"minecraft:orange_bed":11,"minecraft:stone_sword":3,"minecraft:arrow":12,"minecraft:rotten_flesh":12,"minecraft:stone_shovel":1,"minecraft:peony":1,"minecraft:yellow_terracotta":33,"minecraft:leather_horse_armor":1,"minecraft:mutton":3,"minecraft:iron_bars":2,"minecraft:white_wool":1,"minecraft:rail":17,"minecraft:cobblestone":397,"minecraft:polished_diorite_slab":1,"minecraft:birch_log":17,"minecraft:leather_chestplate":1,"minecraft:feather":19,"minecraft:andesite":43,"minecraft:leather":4,"livingthings:giraffe":4,"minecraft:acacia_wood":9,"minecraft:birch_planks":11,"minecraft:tuff":36,"minecraft:oak_log":8,"minecraft:yellow_glazed_terracotta":1,"minecraft:gunpowder":5,"minecraft:acacia_boat":15,"minecraft:lapis_lazuli":33,"minecraft:dirt":174,"minecraft:bone":3,"minecraft:acacia_trapdoor":1,"minecraft:acacia_planks":139,"minecraft:stonecutter":1,"minecraft:wheat_seeds":207,"minecraft:raw_gold":11,"minecraft:stone_pickaxe":3,"minecraft:iron_ingot":4,"minecraft:cobweb":6,"minecraft:powered_rail":2,"minecraft:glass_bottle":2,"minecraft:acacia_sapling":6,"minecraft:oak_planks":23,"minecraft:birch_boat":1,"minecraft:sand":33,"minecraft:gravel":26,"minecraft:acacia_stairs":4,"minecraft:spider_eye":1,"minecraft:mossy_cobblestone":5,"minecraft:stripped_acacia_log":2,"minecraft:polished_andesite":4,"minecraft:diamond":5,"minecraft:slime_ball":3,"minecraft:stone_axe":2,"minecraft:granite":55,"minecraft:gray_wool":1,"minecraft:golden_apple":2,"minecraft:bread":18,"minecraft:oak_sapling":2,"minecraft:black_wool":9,"minecraft:melon_seeds":3,"minecraft:coal":53,"minecraft:oak_leaves":5}},"DataVersion":3465}