{"stats":{"minecraft:broken":{"minecraft:stone_pickaxe":2,"minecraft:iron_pickaxe":1},"minecraft:killed":{"minecraft:spider":2,"livingthings:raccoon":2,"livingthings:ostrich":1,"minecraft:skeleton":2,"minecraft:pig":2,"minecraft:iron_golem":1,"minecraft:sheep":2,"minecraft:zombie":4,"minecraft:villager":1},"minecraft:used":{"minecraft:stone_sword":152,"minecraft:chest":2,"minecraft:shield":4,"minecraft:cooked_chicken":2,"minecraft:rotten_flesh":2,"minecraft:orange_bed":6,"minecraft:torch":34,"minecraft:dirt":95,"minecraft:carrot":2,"minecraft:granite":4,"minecraft:wooden_axe":12,"minecraft:birch_button":1,"livingthings:cooked_lion":3,"minecraft:oak_sapling":2,"minecraft:furnace":3,"minecraft:minecart":6,"minecraft:acacia_fence":1,"minecraft:egg":2,"minecraft:cobbled_deepslate":2,"minecraft:cooked_beef":4,"minecraft:acacia_planks":74,"minecraft:acacia_boat":6,"minecraft:diorite":51,"minecraft:birch_planks":27,"minecraft:baked_potato":1,"minecraft:stone_pickaxe":387,"minecraft:oak_planks":2,"minecraft:wooden_pickaxe":42,"minecraft:birch_boat":1,"minecraft:stonecutter":1,"ironchest:wood_to_copper_chest_upgrade":1,"minecraft:rail":16,"minecraft:yellow_terracotta":10,"livingthings:cooked_ostrich":1,"minecraft:crafting_table":6,"minecraft:bread":22,"minecraft:iron_pickaxe":253,"minecraft:stone_axe":53,"minecraft:cobblestone":143,"minecraft:potion":1,"minecraft:cooked_porkchop":2,"minecraft:andesite":2,"minecraft:birch_log":3},"minecraft:dropped":{"minecraft:bread":1,"minecraft:wheat_seeds":1,"minecraft:baked_potato":1,"minecraft:glass_bottle":3,"minecraft:minecart":1,"minecraft:crafting_table":1,"minecraft:cobblestone":10,"minecraft:copper_ingot":1,"minecraft:golden_apple":2,"minecraft:stick":6,"minecraft:cobweb":6,"minecraft:leather_horse_armor":2,"minecraft:torch":18,"minecraft:wooden_axe":1,"minecraft:string":2,"minecraft:acacia_planks":6,"minecraft:stone_axe":1,"minecraft:stone_sword":1,"minecraft:stone_shovel":1,"minecraft:light_gray_wool":1,"minecraft:oak_planks":16,"minecraft:carrot":6,"minecraft:flint_and_steel":4,"minecraft:gunpowder":10,"minecraft:slime_ball":2,"minecraft:birch_button":7,"minecraft:stone_pickaxe":2},"minecraft:mined":{"minecraft:yellow_terracotta":32,"minecraft:attached_melon_stem":1,"minecraft:brewing_stand":1,"minecraft:granite":16,"minecraft:acacia_log":16,"minecraft:grass_block":41,"minecraft:spawner":1,"minecraft:iron_ore":30,"minecraft:acacia_wood":9,"minecraft:andesite":14,"minecraft:peony":1,"minecraft:dirt_path":9,"minecraft:rail":16,"minecraft:stone":193,"minecraft:orange_bed":6,"minecraft:acacia_leaves":4,"minecraft:glass_pane":2,"minecraft:crafting_table":4,"minecraft:torch":3,"minecraft:chest":1,"minecraft:tall_grass":4,"minecraft:copper_ore":42,"minecraft:cobblestone":42,"minecraft:lapis_ore":4,"minecraft:deepslate_gold_ore":1,"minecraft:diorite":84,"minecraft:wall_torch":6,"minecraft:deepslate_copper_ore":1,"minecraft:birch_planks":1,"minecraft:birch_log":6,"minecraft:wheat":64,"minecraft:birch_leaves":1,"minecraft:yellow_glazed_terracotta":1,"minecraft:grass":75,"minecraft:black_wool":1,"minecraft:oak_log":5,"minecraft:coal_ore":8,"minecraft:acacia_fence":1,"minecraft:gravel":9,"minecraft:dripstone_block":1,"minecraft:dirt":24,"minecraft:cracked_stone_bricks":2,"minecraft:acacia_planks":19,"minecraft:stonecutter":1,"minecraft:polished_andesite":6,"minecraft:netherrack":2,"minecraft:gold_ore":10,"minecraft:oak_leaves":9,"minecraft:deepslate":142},"minecraft:custom":{"minecraft:mob_kills":17,"minecraft:interact_with_crafting_table":48,"minecraft:eat_cake_slice":1,"minecraft:leave_game":6,"minecraft:time_since_death":170939,"minecraft:sprint_one_cm":436716,"minecraft:walk_one_cm":693184,"minecraft:damage_blocked_by_shield":85,"minecraft:drop":47,"minecraft:talked_to_villager":2,"minecraft:play_time":213140,"minecraft:sneak_time":6595,"minecraft:deaths":7,"minecraft:walk_under_water_one_cm":19811,"minecraft:boat_one_cm":70574,"minecraft:jump":3041,"minecraft:walk_on_water_one_cm":21561,"minecraft:total_world_time":213140,"minecraft:interact_with_furnace":83,"minecraft:interact_with_cartography_table":2,"minecraft:tune_noteblock":26,"minecraft:interact_with_stonecutter":5,"minecraft:sleep_in_bed":11,"minecraft:time_since_rest":23684,"minecraft:damage_taken":3210,"minecraft:damage_dealt":3477,"minecraft:swim_one_cm":7278,"minecraft:fly_one_cm":479635,"minecraft:open_chest":89,"minecraft:crouch_one_cm":26734,"minecraft:fall_one_cm":78198,"minecraft:horse_one_cm":1900},"minecraft:crafted":{"minecraft:oak_planks":24,"minecraft:birch_boat":1,"minecraft:cooked_chicken":2,"minecraft:furnace":3,"livingthings:cooked_ostrich":2,"minecraft:iron_boots":1,"minecraft:stone_pickaxe":5,"minecraft:chest":1,"minecraft:rail":16,"minecraft:birch_button":7,"ironchest:wood_to_copper_chest_upgrade":1,"livingthings:cooked_lion":3,"minecraft:cooked_porkchop":2,"minecraft:crafting_table":2,"minecraft:iron_helmet":1,"minecraft:wooden_pickaxe":1,"minecraft:copper_ingot":42,"minecraft:birch_planks":40,"minecraft:stone_axe":1,"minecraft:bread":15,"minecraft:acacia_boat":2,"minecraft:air":0,"minecraft:iron_chestplate":1,"minecraft:golden_apple":3,"minecraft:shield":1,"minecraft:stick":24,"minecraft:iron_ingot":31,"minecraft:iron_pickaxe":1,"minecraft:wooden_axe":1,"minecraft:iron_leggings":1,"minecraft:gold_ingot":6,"minecraft:acacia_planks":68,"minecraft:torch":8},"minecraft:picked_up":{"minecraft:wooden_axe":2,"minecraft:crafting_table":7,"minecraft:wheat":47,"minecraft:wooden_pickaxe":2,"minecraft:acacia_pressure_plate":1,"minecraft:potion":1,"minecraft:birch_button":7,"minecraft:brewing_stand":1,"minecraft:shield":1,"minecraft:string":8,"minecraft:raw_copper":165,"minecraft:acacia_door":2,"minecraft:flint_and_steel":2,"minecraft:gold_nugget":3,"minecraft:cobbled_deepslate":141,"livingthings:ostrich":2,"minecraft:poppy":1,"minecraft:light_gray_wool":1,"minecraft:minecart":7,"minecraft:chest":1,"minecraft:egg":2,"minecraft:stick":12,"minecraft:raw_iron":30,"minecraft:acacia_fence":1,"minecraft:copper_ingot":1,"minecraft:torch":31,"minecraft:acacia_log":23,"minecraft:porkchop":2,"minecraft:diorite":83,"minecraft:carrot":6,"minecraft:orange_bed":6,"minecraft:stone_sword":3,"minecraft:arrow":8,"minecraft:rotten_flesh":5,"minecraft:stone_shovel":1,"minecraft:peony":1,"minecraft:yellow_terracotta":32,"minecraft:leather_horse_armor":1,"minecraft:mutton":3,"minecraft:iron_bars":2,"minecraft:white_wool":1,"minecraft:rail":16,"minecraft:cobblestone":250,"minecraft:birch_log":17,"minecraft:leather_chestplate":1,"minecraft:feather":7,"minecraft:andesite":16,"minecraft:acacia_wood":9,"minecraft:birch_planks":7,"minecraft:oak_log":8,"minecraft:yellow_glazed_terracotta":1,"minecraft:gunpowder":5,"minecraft:acacia_boat":6,"minecraft:lapis_lazuli":33,"minecraft:dirt":132,"minecraft:bone":2,"minecraft:acacia_planks":104,"minecraft:stonecutter":1,"minecraft:wheat_seeds":167,"minecraft:raw_gold":11,"minecraft:stone_pickaxe":2,"minecraft:iron_ingot":4,"minecraft:cobweb":6,"minecraft:glass_bottle":2,"minecraft:acacia_sapling":1,"minecraft:oak_planks":23,"minecraft:birch_boat":1,"minecraft:gravel":9,"minecraft:spider_eye":1,"minecraft:stripped_acacia_log":2,"minecraft:polished_andesite":4,"minecraft:slime_ball":3,"minecraft:stone_axe":2,"minecraft:granite":16,"minecraft:gray_wool":1,"minecraft:golden_apple":2,"minecraft:bread":14,"minecraft:oak_sapling":2,"minecraft:melon_seeds":3,"minecraft:coal":8}},"DataVersion":3465}