{"stats":{"minecraft:picked_up":{"minecraft:wooden_axe":2,"minecraft:crafting_table":6,"minecraft:wheat":47,"minecraft:wooden_pickaxe":2,"minecraft:acacia_pressure_plate":1,"minecraft:potion":1,"minecraft:birch_button":7,"minecraft:brewing_stand":1,"minecraft:shield":1,"minecraft:string":8,"minecraft:acacia_door":2,"minecraft:raw_copper":42,"minecraft:flint_and_steel":2,"minecraft:gold_nugget":3,"livingthings:ostrich":2,"minecraft:poppy":1,"minecraft:light_gray_wool":1,"minecraft:minecart":6,"minecraft:chest":1,"minecraft:egg":2,"minecraft:stick":11,"minecraft:raw_iron":6,"minecraft:acacia_fence":1,"minecraft:copper_ingot":1,"minecraft:torch":31,"minecraft:acacia_log":15,"minecraft:porkchop":2,"minecraft:diorite":53,"minecraft:carrot":6,"minecraft:orange_bed":6,"minecraft:rotten_flesh":5,"minecraft:stone_sword":3,"minecraft:arrow":8,"minecraft:stone_shovel":1,"minecraft:peony":1,"minecraft:yellow_terracotta":32,"minecraft:leather_horse_armor":1,"minecraft:iron_bars":2,"minecraft:rail":1,"minecraft:cobblestone":184,"minecraft:birch_log":17,"minecraft:leather_chestplate":1,"minecraft:feather":7,"minecraft:andesite":4,"minecraft:acacia_wood":9,"minecraft:birch_planks":7,"minecraft:oak_log":8,"minecraft:yellow_glazed_terracotta":1,"minecraft:gunpowder":5,"minecraft:acacia_boat":5,"minecraft:dirt":132,"minecraft:bone":2,"minecraft:acacia_planks":104,"minecraft:stonecutter":1,"minecraft:wheat_seeds":167,"minecraft:raw_gold":11,"minecraft:stone_pickaxe":2,"minecraft:iron_ingot":4,"minecraft:cobweb":6,"minecraft:glass_bottle":2,"minecraft:acacia_sapling":1,"minecraft:oak_planks":23,"minecraft:birch_boat":1,"minecraft:spider_eye":1,"minecraft:stripped_acacia_log":2,"minecraft:polished_andesite":4,"minecraft:slime_ball":3,"minecraft:stone_axe":2,"minecraft:granite":4,"minecraft:golden_apple":2,"minecraft:bread":14,"minecraft:oak_sapling":2,"minecraft:melon_seeds":3,"minecraft:coal":8},"minecraft:used":{"minecraft:stone_sword":140,"minecraft:chest":2,"minecraft:shield":4,"minecraft:cooked_chicken":2,"minecraft:rotten_flesh":2,"minecraft:orange_bed":6,"minecraft:torch":23,"minecraft:dirt":95,"minecraft:carrot":2,"minecraft:granite":4,"minecraft:wooden_axe":12,"livingthings:cooked_lion":3,"minecraft:birch_button":1,"minecraft:furnace":2,"minecraft:oak_sapling":2,"minecraft:acacia_fence":1,"minecraft:minecart":6,"minecraft:egg":2,"minecraft:cooked_beef":4,"minecraft:acacia_planks":66,"minecraft:acacia_boat":6,"minecraft:diorite":50,"minecraft:birch_planks":27,"minecraft:baked_potato":1,"minecraft:stone_pickaxe":138,"minecraft:oak_planks":2,"minecraft:birch_boat":1,"minecraft:wooden_pickaxe":42,"minecraft:stonecutter":1,"ironchest:wood_to_copper_chest_upgrade":1,"minecraft:rail":16,"minecraft:yellow_terracotta":10,"livingthings:cooked_ostrich":1,"minecraft:crafting_table":4,"minecraft:bread":20,"minecraft:iron_pickaxe":155,"minecraft:stone_axe":42,"minecraft:cobblestone":133,"minecraft:potion":1,"minecraft:cooked_porkchop":2,"minecraft:birch_log":3,"minecraft:andesite":2},"minecraft:crafted":{"minecraft:oak_planks":24,"minecraft:birch_boat":1,"minecraft:cooked_chicken":2,"minecraft:furnace":2,"livingthings:cooked_ostrich":2,"minecraft:stone_pickaxe":1,"minecraft:chest":1,"minecraft:rail":16,"minecraft:birch_button":7,"ironchest:wood_to_copper_chest_upgrade":1,"livingthings:cooked_lion":3,"minecraft:cooked_porkchop":2,"minecraft:crafting_table":1,"minecraft:wooden_pickaxe":1,"minecraft:copper_ingot":42,"minecraft:birch_planks":40,"minecraft:stone_axe":1,"minecraft:bread":15,"minecraft:acacia_boat":2,"minecraft:air":0,"minecraft:golden_apple":2,"minecraft:shield":1,"minecraft:stick":16,"minecraft:iron_ingot":7,"minecraft:iron_pickaxe":1,"minecraft:wooden_axe":1,"minecraft:gold_ingot":3,"minecraft:acacia_planks":36,"minecraft:torch":8},"minecraft:broken":{"minecraft:stone_pickaxe":1},"minecraft:killed":{"minecraft:spider":2,"livingthings:raccoon":2,"livingthings:ostrich":1,"minecraft:skeleton":2,"minecraft:pig":2,"minecraft:iron_golem":1,"minecraft:zombie":4,"minecraft:villager":1},"minecraft:custom":{"minecraft:mob_kills":15,"minecraft:interact_with_crafting_table":38,"minecraft:eat_cake_slice":1,"minecraft:leave_game":6,"minecraft:time_since_death":141262,"minecraft:sprint_one_cm":404130,"minecraft:walk_one_cm":618604,"minecraft:damage_blocked_by_shield":85,"minecraft:drop":47,"minecraft:talked_to_villager":2,"minecraft:play_time":183463,"minecraft:deaths":7,"minecraft:sneak_time":5557,"minecraft:walk_under_water_one_cm":19811,"minecraft:boat_one_cm":70574,"minecraft:jump":2686,"minecraft:walk_on_water_one_cm":21561,"minecraft:total_world_time":183463,"minecraft:interact_with_furnace":68,"minecraft:interact_with_cartography_table":2,"minecraft:tune_noteblock":26,"minecraft:interact_with_stonecutter":4,"minecraft:sleep_in_bed":10,"minecraft:time_since_rest":6491,"minecraft:damage_taken":3168,"minecraft:damage_dealt":3317,"minecraft:swim_one_cm":7278,"minecraft:fly_one_cm":451843,"minecraft:open_chest":81,"minecraft:crouch_one_cm":25042,"minecraft:fall_one_cm":73309,"minecraft:horse_one_cm":1900},"minecraft:dropped":{"minecraft:bread":1,"minecraft:wheat_seeds":1,"minecraft:baked_potato":1,"minecraft:glass_bottle":3,"minecraft:minecart":1,"minecraft:crafting_table":1,"minecraft:cobblestone":10,"minecraft:copper_ingot":1,"minecraft:golden_apple":2,"minecraft:stick":6,"minecraft:cobweb":6,"minecraft:leather_horse_armor":2,"minecraft:torch":18,"minecraft:wooden_axe":1,"minecraft:string":2,"minecraft:acacia_planks":6,"minecraft:stone_axe":1,"minecraft:stone_sword":1,"minecraft:stone_shovel":1,"minecraft:light_gray_wool":1,"minecraft:oak_planks":16,"minecraft:carrot":6,"minecraft:flint_and_steel":4,"minecraft:gunpowder":10,"minecraft:slime_ball":2,"minecraft:birch_button":7,"minecraft:stone_pickaxe":2},"minecraft:mined":{"minecraft:yellow_terracotta":32,"minecraft:attached_melon_stem":1,"minecraft:brewing_stand":1,"minecraft:granite":4,"minecraft:acacia_log":8,"minecraft:grass_block":41,"minecraft:spawner":1,"minecraft:iron_ore":6,"minecraft:acacia_wood":9,"minecraft:andesite":2,"minecraft:peony":1,"minecraft:dirt_path":9,"minecraft:rail":1,"minecraft:stone":130,"minecraft:orange_bed":6,"minecraft:glass_pane":2,"minecraft:crafting_table":3,"minecraft:torch":3,"minecraft:chest":1,"minecraft:copper_ore":11,"minecraft:tall_grass":4,"minecraft:cobblestone":39,"minecraft:deepslate_gold_ore":1,"minecraft:diorite":54,"minecraft:wall_torch":6,"minecraft:birch_planks":1,"minecraft:birch_log":6,"minecraft:wheat":64,"minecraft:birch_leaves":1,"minecraft:yellow_glazed_terracotta":1,"minecraft:grass":69,"minecraft:black_wool":1,"minecraft:oak_log":5,"minecraft:coal_ore":8,"minecraft:acacia_fence":1,"minecraft:dripstone_block":1,"minecraft:dirt":24,"minecraft:cracked_stone_bricks":2,"minecraft:acacia_planks":19,"minecraft:stonecutter":1,"minecraft:polished_andesite":6,"minecraft:netherrack":2,"minecraft:gold_ore":10,"minecraft:oak_leaves":9}},"DataVersion":3465}