{"stats":{"minecraft:picked_up":{"minecraft:rotten_flesh":1,"minecraft:dirt":4},"minecraft:used":{"minecraft:dirt":1},"minecraft:killed":{"livingthings:raccoon":1},"minecraft:custom":{"minecraft:time_since_rest":0,"minecraft:deaths":1,"minecraft:crouch_one_cm":546,"minecraft:play_time":4768,"minecraft:sprint_one_cm":15106,"minecraft:damage_taken":260,"minecraft:walk_one_cm":20230,"minecraft:sneak_time":175,"minecraft:walk_under_water_one_cm":4839,"minecraft:mob_kills":1,"minecraft:jump":131,"minecraft:damage_dealt":100,"minecraft:leave_game":1,"minecraft:time_since_death":0,"minecraft:walk_on_water_one_cm":718,"minecraft:total_world_time":4768,"minecraft:fall_one_cm":3932,"minecraft:fly_one_cm":22413},"minecraft:mined":{"minecraft:grass":7,"minecraft:grass_block":3,"minecraft:dirt":1,"minecraft:tall_grass":1,"minecraft:oak_leaves":2}},"DataVersion":3465}