{"stats":{"minecraft:crafted":{"minecraft:cooked_beef":3,"minecraft:wooden_sword":1,"minecraft:crafting_table":3,"minecraft:stick":16,"minecraft:iron_pickaxe":1,"minecraft:iron_ingot":8,"minecraft:wooden_pickaxe":1,"minecraft:stone_pickaxe":3,"minecraft:iron_sword":1,"minecraft:furnace":2,"minecraft:dark_oak_planks":28,"minecraft:torch":12,"minecraft:air":0},"minecraft:used":{"minecraft:stone_pickaxe":272,"minecraft:iron_pickaxe":4,"minecraft:wooden_pickaxe":27,"minecraft:iron_sword":3,"minecraft:torch":12,"minecraft:wooden_sword":15,"minecraft:dirt":3,"minecraft:cobblestone":21,"minecraft:crafting_table":4,"minecraft:furnace":2,"minecraft:cooked_beef":2},"minecraft:killed":{"minecraft:skeleton":1,"minecraft:spider":1,"minecraft:cow":1},"minecraft:custom":{"minecraft:time_since_rest":42721,"minecraft:interact_with_furnace":14,"minecraft:sprint_one_cm":44858,"minecraft:damage_taken":50,"minecraft:walk_one_cm":81599,"minecraft:mob_kills":3,"minecraft:damage_dealt":600,"minecraft:interact_with_crafting_table":11,"minecraft:fly_one_cm":47108,"minecraft:crouch_one_cm":9798,"minecraft:play_time":42721,"minecraft:sneak_time":3841,"minecraft:jump":445,"minecraft:leave_game":1,"minecraft:time_since_death":42721,"minecraft:climb_one_cm":647,"minecraft:total_world_time":42721,"minecraft:fall_one_cm":9680},"minecraft:picked_up":{"minecraft:raw_iron":8,"minecraft:crafting_table":2,"minecraft:clay_ball":40,"minecraft:andesite":1,"minecraft:torch":1,"minecraft:red_mushroom":2,"minecraft:string":2,"minecraft:dark_oak_log":7,"minecraft:dirt":11,"minecraft:moss_carpet":3,"minecraft:arrow":2,"minecraft:beef":3,"minecraft:moss_block":8,"minecraft:glow_berries":3,"minecraft:coal":34,"minecraft:cobblestone":231,"minecraft:furnace":1},"minecraft:mined":{"minecraft:furnace":1,"minecraft:dark_oak_leaves":1,"minecraft:iron_ore":8,"minecraft:dark_oak_log":7,"minecraft:andesite":1,"minecraft:clay":14,"minecraft:crafting_table":2,"minecraft:grass":1,"minecraft:grass_block":3,"minecraft:coal_ore":34,"minecraft:cave_vines":1,"minecraft:dirt":8,"minecraft:mushroom_stem":5,"minecraft:tall_grass":3,"minecraft:cobblestone":7,"minecraft:red_mushroom_block":15,"minecraft:stone":225,"minecraft:wall_torch":1,"minecraft:oak_leaves":3},"minecraft:broken":{"minecraft:stone_pickaxe":2}},"DataVersion":3465}