{"stats":{"minecraft:crafted":{"minecraft:cooked_beef":3,"minecraft:wooden_sword":1,"minecraft:dark_oak_boat":1,"minecraft:crafting_table":4,"minecraft:wooden_pickaxe":1,"minecraft:iron_sword":1,"minecraft:furnace":2,"minecraft:air":0,"minecraft:shield":2,"minecraft:stick":20,"minecraft:iron_ingot":8,"minecraft:iron_pickaxe":1,"minecraft:stone_pickaxe":3,"minecraft:dark_oak_planks":48,"minecraft:torch":32},"minecraft:killed":{"minecraft:spider":2,"minecraft:skeleton":4,"minecraft:zombie":10,"minecraft:cow":1},"minecraft:custom":{"minecraft:interact_with_furnace":16,"minecraft:mob_kills":18,"minecraft:interact_with_crafting_table":16,"minecraft:leave_game":2,"minecraft:time_since_death":74814,"minecraft:climb_one_cm":1083,"minecraft:time_since_rest":74814,"minecraft:sprint_one_cm":82008,"minecraft:damage_taken":380,"minecraft:walk_one_cm":163720,"minecraft:damage_blocked_by_shield":115,"minecraft:drop":15,"minecraft:damage_dealt":3103,"minecraft:fly_one_cm":90200,"minecraft:crouch_one_cm":19631,"minecraft:play_time":74814,"minecraft:sneak_time":6685,"minecraft:walk_under_water_one_cm":3711,"minecraft:boat_one_cm":66545,"minecraft:jump":1075,"minecraft:walk_on_water_one_cm":17983,"minecraft:total_world_time":74814,"minecraft:fall_one_cm":19237},"minecraft:used":{"minecraft:moss_block":1,"minecraft:stone_pickaxe":272,"minecraft:wooden_pickaxe":27,"minecraft:shield":4,"minecraft:iron_sword":75,"minecraft:torch":33,"minecraft:glow_berries":2,"minecraft:dirt":22,"minecraft:crafting_table":6,"minecraft:iron_pickaxe":174,"minecraft:wooden_sword":15,"minecraft:cobblestone":21,"minecraft:dark_oak_boat":1,"minecraft:furnace":2,"minecraft:cooked_porkchop":4,"minecraft:cooked_beef":3},"minecraft:picked_up":{"minecraft:crafting_table":2,"minecraft:clay_ball":84,"minecraft:andesite":1,"minecraft:red_mushroom":2,"minecraft:amethyst_block":10,"minecraft:lapis_lazuli":15,"minecraft:dirt":58,"minecraft:string":3,"minecraft:moss_carpet":4,"minecraft:bone":3,"minecraft:cobbled_deepslate":6,"minecraft:raw_gold":3,"minecraft:beef":3,"minecraft:iron_ingot":1,"minecraft:calcite":7,"minecraft:moss_block":8,"minecraft:furnace":1,"minecraft:raw_iron":14,"minecraft:smooth_basalt":6,"minecraft:cooked_porkchop":4,"minecraft:torch":1,"minecraft:dark_oak_log":12,"minecraft:arrow":5,"minecraft:rotten_flesh":13,"minecraft:diamond":1,"minecraft:glow_berries":4,"minecraft:coal":35,"minecraft:cobblestone":341},"minecraft:mined":{"minecraft:dark_oak_leaves":1,"minecraft:deepslate_diamond_ore":1,"minecraft:dark_oak_log":12,"minecraft:clay":25,"minecraft:crafting_table":2,"minecraft:cave_vines_plant":1,"minecraft:calcite":7,"minecraft:grass_block":7,"minecraft:mushroom_stem":5,"minecraft:tall_grass":4,"minecraft:cobblestone":7,"minecraft:deepslate_gold_ore":3,"minecraft:wall_torch":1,"minecraft:amethyst_block":13,"minecraft:furnace":1,"minecraft:iron_ore":14,"minecraft:andesite":1,"minecraft:deepslate_lapis_ore":3,"minecraft:grass":1,"minecraft:coal_ore":34,"minecraft:cave_vines":2,"minecraft:dirt":46,"minecraft:smooth_basalt":6,"minecraft:red_mushroom_block":15,"minecraft:stone":334,"minecraft:oak_leaves":3,"minecraft:deepslate":7},"minecraft:dropped":{"minecraft:moss_carpet":4,"minecraft:moss_block":7,"minecraft:cobbled_deepslate":6,"minecraft:rotten_flesh":9,"minecraft:cobblestone":167,"minecraft:clay_ball":84,"minecraft:dirt":36,"minecraft:andesite":1,"minecraft:wooden_sword":1,"minecraft:wooden_pickaxe":1,"minecraft:calcite":7,"minecraft:smooth_basalt":6},"minecraft:broken":{"minecraft:stone_pickaxe":2}},"DataVersion":3465}