{"stats":{"minecraft:broken":{"minecraft:stone_sword":1,"minecraft:stone_pickaxe":8,"minecraft:iron_pickaxe":1},"minecraft:killed":{"livingthings:peacock":2,"minecraft:spider":2,"livingthings:raccoon":3,"livingthings:ostrich":1,"minecraft:skeleton":3,"minecraft:pig":2,"livingthings:giraffe":3,"minecraft:iron_golem":1,"minecraft:sheep":2,"minecraft:zombie":9,"minecraft:villager":1},"minecraft:used":{"minecraft:stone_sword":190,"minecraft:chest":3,"minecraft:shield":22,"minecraft:cooked_chicken":2,"minecraft:rotten_flesh":2,"minecraft:orange_bed":6,"minecraft:torch":81,"minecraft:dirt":95,"minecraft:carrot":2,"minecraft:granite":4,"minecraft:wooden_axe":12,"minecraft:lava_bucket":6,"minecraft:birch_button":1,"livingthings:cooked_lion":3,"minecraft:oak_sapling":2,"minecraft:furnace":4,"minecraft:minecart":6,"minecraft:acacia_fence":1,"minecraft:egg":2,"minecraft:cobbled_deepslate":36,"minecraft:cooked_beef":4,"minecraft:acacia_planks":74,"minecraft:cooked_mutton":1,"minecraft:wheat_seeds":19,"minecraft:acacia_boat":6,"minecraft:diorite":61,"minecraft:birch_planks":27,"minecraft:baked_potato":1,"minecraft:stone_pickaxe":1134,"minecraft:oak_planks":2,"minecraft:wooden_pickaxe":42,"minecraft:birch_boat":1,"minecraft:stonecutter":1,"ironchest:wood_to_copper_chest_upgrade":1,"minecraft:rail":16,"minecraft:yellow_terracotta":10,"livingthings:cooked_ostrich":2,"minecraft:crafting_table":9,"minecraft:bread":29,"minecraft:iron_pickaxe":308,"minecraft:stone_axe":80,"travelersbackpack:standard":1,"minecraft:diamond_sword":23,"minecraft:cobblestone":223,"minecraft:potion":1,"minecraft:cooked_porkchop":2,"minecraft:bucket":8,"minecraft:andesite":2,"minecraft:birch_log":3},"minecraft:dropped":{"minecraft:bread":1,"minecraft:wheat_seeds":2,"minecraft:baked_potato":1,"minecraft:mossy_cobblestone":5,"minecraft:glass_bottle":3,"minecraft:minecart":1,"minecraft:crafting_table":1,"minecraft:cobblestone":106,"minecraft:granite":39,"minecraft:copper_ingot":1,"minecraft:golden_apple":2,"minecraft:stick":7,"minecraft:cobweb":6,"minecraft:diorite":4,"minecraft:leather_horse_armor":2,"minecraft:torch":18,"minecraft:wooden_axe":1,"minecraft:string":2,"minecraft:acacia_planks":6,"minecraft:gravel":17,"minecraft:stone_axe":1,"minecraft:cobbled_deepslate":241,"minecraft:stone_sword":1,"minecraft:stone_shovel":1,"minecraft:rotten_flesh":7,"minecraft:light_gray_wool":1,"minecraft:oak_planks":16,"minecraft:carrot":6,"minecraft:flint_and_steel":4,"minecraft:gunpowder":10,"minecraft:andesite":25,"minecraft:arrow":2,"minecraft:slime_ball":2,"minecraft:birch_button":7,"minecraft:stone_pickaxe":3},"minecraft:mined":{"minecraft:yellow_terracotta":32,"minecraft:tuff":36,"minecraft:attached_melon_stem":1,"minecraft:mossy_cobblestone":7,"minecraft:deepslate_diamond_ore":5,"minecraft:brewing_stand":1,"minecraft:granite":55,"minecraft:acacia_log":31,"minecraft:grass_block":41,"minecraft:spawner":2,"minecraft:furnace":2,"minecraft:cobbled_deepslate":12,"minecraft:iron_ore":33,"minecraft:acacia_wood":9,"minecraft:andesite":39,"minecraft:peony":1,"minecraft:deepslate_iron_ore":11,"minecraft:dirt_path":9,"minecraft:rail":16,"minecraft:stone":321,"minecraft:orange_bed":6,"minecraft:deepslate_redstone_ore":19,"minecraft:acacia_leaves":11,"minecraft:glass_pane":2,"minecraft:crafting_table":7,"minecraft:torch":6,"minecraft:chest":1,"minecraft:tall_grass":5,"minecraft:copper_ore":42,"minecraft:cobblestone":59,"minecraft:lapis_ore":4,"minecraft:deepslate_gold_ore":1,"minecraft:diorite":98,"minecraft:wall_torch":9,"minecraft:deepslate_copper_ore":1,"minecraft:birch_planks":1,"minecraft:birch_log":6,"minecraft:wheat":82,"minecraft:birch_leaves":1,"minecraft:yellow_glazed_terracotta":1,"minecraft:grass":79,"minecraft:black_wool":1,"minecraft:oak_log":5,"minecraft:coal_ore":53,"minecraft:sand":13,"minecraft:acacia_fence":1,"minecraft:gravel":24,"minecraft:dripstone_block":1,"minecraft:dirt":37,"minecraft:cracked_stone_bricks":2,"minecraft:acacia_planks":19,"minecraft:stonecutter":1,"minecraft:polished_andesite":6,"minecraft:netherrack":2,"minecraft:gold_ore":10,"minecraft:oak_leaves":9,"minecraft:deepslate":555},"minecraft:custom":{"minecraft:mob_kills":33,"minecraft:interact_with_crafting_table":70,"minecraft:eat_cake_slice":1,"minecraft:leave_game":6,"minecraft:time_since_death":254939,"minecraft:sprint_one_cm":531163,"minecraft:walk_one_cm":863713,"minecraft:damage_blocked_by_shield":615,"minecraft:drop":63,"minecraft:talked_to_villager":2,"minecraft:play_time":297140,"minecraft:sneak_time":10836,"minecraft:deaths":7,"minecraft:walk_under_water_one_cm":20436,"minecraft:boat_one_cm":70574,"minecraft:jump":3902,"minecraft:walk_on_water_one_cm":26767,"minecraft:total_world_time":297140,"minecraft:interact_with_furnace":111,"minecraft:interact_with_cartography_table":2,"minecraft:tune_noteblock":26,"minecraft:interact_with_stonecutter":6,"minecraft:sleep_in_bed":13,"minecraft:time_since_rest":6833,"minecraft:damage_taken":3464,"minecraft:damage_dealt":5458,"minecraft:swim_one_cm":7278,"minecraft:fly_one_cm":552425,"minecraft:open_chest":127,"minecraft:crouch_one_cm":38407,"minecraft:fall_one_cm":84900,"minecraft:horse_one_cm":1900},"minecraft:crafted":{"minecraft:oak_planks":24,"minecraft:birch_boat":1,"minecraft:cooked_chicken":2,"minecraft:furnace":3,"livingthings:cooked_ostrich":2,"minecraft:cooked_mutton":3,"minecraft:glass":13,"minecraft:iron_boots":1,"minecraft:stone_pickaxe":9,"minecraft:chest":3,"minecraft:rail":16,"minecraft:birch_button":7,"ironchest:wood_to_copper_chest_upgrade":1,"livingthings:cooked_lion":3,"minecraft:diamond_sword":1,"minecraft:cooked_porkchop":2,"minecraft:crafting_table":3,"travelersbackpack:standard":1,"travelersbackpack:backpack_tank":2,"minecraft:iron_helmet":1,"minecraft:wooden_pickaxe":1,"minecraft:copper_ingot":42,"travelersbackpack:black_sleeping_bag":1,"minecraft:bucket":2,"minecraft:birch_planks":40,"minecraft:stone_axe":1,"minecraft:bread":20,"minecraft:acacia_boat":2,"minecraft:air":0,"minecraft:diamond_pickaxe":1,"minecraft:iron_chestplate":1,"minecraft:charcoal":7,"minecraft:golden_apple":3,"minecraft:shield":1,"minecraft:stick":48,"minecraft:iron_ingot":45,"minecraft:iron_pickaxe":3,"minecraft:wooden_axe":1,"minecraft:iron_leggings":1,"minecraft:gold_ingot":14,"minecraft:acacia_planks":156,"minecraft:torch":48,"minecraft:shears":1},"minecraft:picked_up":{"minecraft:wooden_axe":2,"minecraft:crafting_table":10,"minecraft:wheat":60,"minecraft:wooden_pickaxe":2,"minecraft:acacia_pressure_plate":1,"minecraft:potion":1,"minecraft:birch_button":7,"minecraft:brewing_stand":1,"minecraft:shield":1,"minecraft:string":8,"minecraft:raw_copper":165,"minecraft:acacia_door":2,"minecraft:flint_and_steel":2,"minecraft:gold_nugget":3,"minecraft:cobbled_deepslate":557,"livingthings:ostrich":2,"minecraft:poppy":1,"minecraft:light_gray_wool":1,"minecraft:minecart":7,"minecraft:chest":1,"minecraft:furnace":2,"minecraft:egg":2,"minecraft:stick":16,"minecraft:raw_iron":44,"minecraft:acacia_fence":1,"minecraft:copper_ingot":1,"minecraft:torch":37,"minecraft:acacia_log":36,"minecraft:porkchop":2,"minecraft:diorite":97,"minecraft:carrot":6,"minecraft:redstone":83,"minecraft:orange_bed":6,"minecraft:stone_sword":3,"minecraft:arrow":12,"minecraft:rotten_flesh":12,"minecraft:stone_shovel":1,"minecraft:peony":1,"minecraft:yellow_terracotta":32,"minecraft:leather_horse_armor":1,"minecraft:mutton":3,"minecraft:iron_bars":2,"minecraft:white_wool":1,"minecraft:rail":16,"minecraft:cobblestone":393,"minecraft:birch_log":17,"minecraft:leather_chestplate":1,"minecraft:feather":14,"minecraft:andesite":41,"minecraft:leather":4,"livingthings:giraffe":4,"minecraft:acacia_wood":9,"minecraft:birch_planks":7,"minecraft:tuff":36,"minecraft:oak_log":8,"minecraft:yellow_glazed_terracotta":1,"minecraft:gunpowder":5,"minecraft:acacia_boat":6,"minecraft:lapis_lazuli":33,"minecraft:dirt":145,"minecraft:bone":3,"minecraft:acacia_planks":104,"minecraft:stonecutter":1,"minecraft:wheat_seeds":206,"minecraft:raw_gold":11,"minecraft:stone_pickaxe":3,"minecraft:iron_ingot":4,"minecraft:cobweb":6,"minecraft:glass_bottle":2,"minecraft:acacia_sapling":1,"minecraft:oak_planks":23,"minecraft:birch_boat":1,"minecraft:sand":13,"minecraft:gravel":26,"minecraft:spider_eye":1,"minecraft:mossy_cobblestone":5,"minecraft:stripped_acacia_log":2,"minecraft:polished_andesite":4,"minecraft:diamond":5,"minecraft:slime_ball":3,"minecraft:stone_axe":2,"minecraft:granite":55,"minecraft:gray_wool":1,"minecraft:golden_apple":2,"minecraft:bread":14,"minecraft:oak_sapling":2,"minecraft:black_wool":3,"minecraft:melon_seeds":3,"minecraft:coal":53}},"DataVersion":3465}