{"stats":{"minecraft:broken":{"minecraft:stone_sword":1,"minecraft:stone_pickaxe":9,"minecraft:stone_axe":1,"minecraft:iron_pickaxe":1},"minecraft:killed":{"livingthings:peacock":3,"minecraft:spider":2,"livingthings:raccoon":3,"livingthings:ostrich":1,"minecraft:skeleton":3,"minecraft:pig":2,"livingthings:giraffe":3,"minecraft:iron_golem":1,"minecraft:sheep":2,"minecraft:zombie":14,"minecraft:villager":1},"minecraft:used":{"minecraft:stone_sword":190,"minecraft:redstone":10,"minecraft:black_carpet":4,"minecraft:chest":3,"minecraft:shield":23,"minecraft:cooked_chicken":2,"minecraft:rotten_flesh":2,"minecraft:orange_bed":11,"minecraft:torch":81,"minecraft:dirt":136,"minecraft:carrot":6,"minecraft:granite":6,"minecraft:glass":16,"minecraft:wooden_axe":12,"minecraft:lava_bucket":6,"minecraft:iron_axe":57,"minecraft:birch_button":1,"livingthings:cooked_lion":3,"minecraft:oak_sapling":2,"minecraft:furnace":4,"minecraft:minecart":9,"minecraft:acacia_fence":2,"livingthings:cooked_giraffe":1,"minecraft:egg":2,"minecraft:cobbled_deepslate":135,"minecraft:cooked_beef":4,"minecraft:acacia_planks":203,"minecraft:cooked_mutton":1,"minecraft:wheat_seeds":19,"minecraft:acacia_boat":17,"minecraft:diorite":75,"minecraft:powered_rail":9,"minecraft:acacia_trapdoor":5,"minecraft:birch_planks":33,"minecraft:baked_potato":1,"minecraft:stone_pickaxe":1187,"minecraft:oak_planks":2,"minecraft:cobblestone_slab":2,"minecraft:polished_diorite_slab":1,"minecraft:wooden_pickaxe":42,"minecraft:birch_boat":1,"minecraft:stonecutter":1,"ironchest:wood_to_copper_chest_upgrade":1,"minecraft:oak_leaves":5,"minecraft:rail":33,"minecraft:yellow_terracotta":10,"livingthings:cooked_ostrich":2,"minecraft:crafting_table":9,"minecraft:black_bed":2,"minecraft:smoker":1,"minecraft:shears":6,"minecraft:redstone_torch":10,"minecraft:acacia_stairs":5,"minecraft:black_wool":1,"minecraft:apple":2,"minecraft:bread":38,"minecraft:iron_pickaxe":388,"minecraft:cobbled_deepslate_slab":2,"minecraft:stone_axe":133,"travelersbackpack:standard":1,"minecraft:diamond_sword":74,"minecraft:cobblestone":227,"minecraft:potion":1,"minecraft:grindstone":1,"minecraft:cooked_porkchop":2,"minecraft:bucket":8,"minecraft:andesite":4,"minecraft:birch_log":3},"minecraft:dropped":{"minecraft:bread":7,"minecraft:wheat_seeds":2,"minecraft:baked_potato":1,"minecraft:mossy_cobblestone":5,"minecraft:glass_bottle":3,"minecraft:minecart":1,"minecraft:crafting_table":1,"minecraft:cobblestone":106,"minecraft:granite":39,"minecraft:copper_ingot":1,"minecraft:golden_apple":2,"minecraft:stick":7,"minecraft:cobweb":6,"minecraft:diorite":4,"minecraft:leather_horse_armor":2,"minecraft:torch":18,"minecraft:wooden_axe":1,"minecraft:string":2,"minecraft:acacia_planks":6,"minecraft:gravel":17,"minecraft:stone_axe":1,"minecraft:cobbled_deepslate":241,"minecraft:stone_sword":1,"minecraft:stone_shovel":1,"minecraft:rotten_flesh":7,"minecraft:light_gray_wool":1,"minecraft:oak_planks":16,"minecraft:carrot":6,"minecraft:flint_and_steel":4,"minecraft:gunpowder":10,"minecraft:andesite":25,"minecraft:arrow":2,"minecraft:slime_ball":2,"minecraft:birch_button":7,"minecraft:stone_pickaxe":3},"minecraft:mined":{"minecraft:yellow_terracotta":34,"minecraft:tuff":36,"minecraft:attached_melon_stem":1,"minecraft:mossy_cobblestone":7,"minecraft:deepslate_diamond_ore":5,"minecraft:brewing_stand":1,"minecraft:granite":57,"minecraft:acacia_log":35,"minecraft:grass_block":46,"minecraft:redstone_wire":5,"minecraft:acacia_pressure_plate":1,"minecraft:spawner":2,"minecraft:furnace":2,"minecraft:acacia_trapdoor":1,"minecraft:cobbled_deepslate":44,"minecraft:iron_ore":33,"minecraft:acacia_wood":9,"minecraft:acacia_stairs":5,"minecraft:andesite":42,"minecraft:peony":1,"minecraft:deepslate_iron_ore":11,"minecraft:dirt_path":17,"minecraft:rail":24,"minecraft:stone":349,"minecraft:redstone_wall_torch":1,"minecraft:orange_bed":11,"minecraft:deepslate_redstone_ore":19,"minecraft:acacia_leaves":11,"minecraft:glass_pane":2,"minecraft:crafting_table":7,"minecraft:torch":6,"minecraft:chest":3,"minecraft:polished_diorite_slab":1,"minecraft:tall_grass":5,"minecraft:copper_ore":42,"minecraft:cobblestone":67,"minecraft:oak_planks":2,"minecraft:lapis_ore":4,"minecraft:deepslate_gold_ore":1,"minecraft:diorite":119,"minecraft:wall_torch":9,"minecraft:deepslate_copper_ore":1,"minecraft:birch_planks":10,"minecraft:powered_rail":5,"minecraft:redstone_torch":6,"minecraft:birch_log":6,"minecraft:wheat":82,"minecraft:birch_leaves":1,"minecraft:black_bed":2,"minecraft:yellow_glazed_terracotta":1,"minecraft:grass":97,"minecraft:black_wool":2,"minecraft:oak_log":5,"minecraft:coal_ore":53,"minecraft:sand":49,"minecraft:acacia_fence":2,"minecraft:gravel":24,"minecraft:dripstone_block":1,"minecraft:dirt":69,"minecraft:cracked_stone_bricks":2,"minecraft:acacia_planks":108,"minecraft:stonecutter":1,"minecraft:polished_andesite":6,"minecraft:netherrack":2,"minecraft:gold_ore":10,"minecraft:oak_leaves":17,"minecraft:deepslate":555},"minecraft:custom":{"minecraft:mob_kills":39,"minecraft:interact_with_crafting_table":97,"minecraft:bell_ring":1,"minecraft:eat_cake_slice":1,"minecraft:leave_game":6,"minecraft:time_since_death":356939,"minecraft:sprint_one_cm":652129,"minecraft:walk_one_cm":1125726,"minecraft:damage_blocked_by_shield":670,"minecraft:drop":69,"minecraft:talked_to_villager":15,"minecraft:play_time":399140,"minecraft:sneak_time":24067,"minecraft:deaths":7,"minecraft:walk_under_water_one_cm":26845,"minecraft:boat_one_cm":130648,"minecraft:jump":4962,"minecraft:walk_on_water_one_cm":29850,"minecraft:total_world_time":399140,"minecraft:interact_with_furnace":141,"minecraft:interact_with_cartography_table":3,"minecraft:tune_noteblock":26,"minecraft:interact_with_grindstone":7,"minecraft:interact_with_stonecutter":23,"minecraft:sleep_in_bed":20,"minecraft:time_since_rest":687,"minecraft:damage_taken":3919,"minecraft:damage_dealt":6712,"minecraft:swim_one_cm":7278,"minecraft:fly_one_cm":671950,"minecraft:open_chest":175,"minecraft:crouch_one_cm":87169,"minecraft:interact_with_smoker":7,"minecraft:fall_one_cm":111102,"minecraft:horse_one_cm":1900},"minecraft:crafted":{"minecraft:grindstone":1,"minecraft:oak_planks":24,"minecraft:cobblestone_slab":2,"minecraft:birch_boat":1,"minecraft:cooked_chicken":2,"minecraft:furnace":4,"livingthings:cooked_ostrich":2,"minecraft:cooked_mutton":3,"minecraft:glass":48,"minecraft:iron_boots":1,"minecraft:iron_axe":1,"minecraft:stone_pickaxe":9,"minecraft:chest":3,"minecraft:rail":16,"minecraft:birch_button":7,"minecraft:polished_diorite_slab":2,"minecraft:smoker":1,"ironchest:wood_to_copper_chest_upgrade":1,"livingthings:cooked_lion":3,"minecraft:diamond_sword":1,"minecraft:cooked_porkchop":2,"minecraft:powered_rail":6,"minecraft:crafting_table":3,"livingthings:cooked_giraffe":4,"travelersbackpack:standard":1,"travelersbackpack:backpack_tank":2,"minecraft:iron_helmet":1,"minecraft:wooden_pickaxe":1,"minecraft:acacia_trapdoor":4,"minecraft:copper_ingot":42,"travelersbackpack:black_sleeping_bag":1,"minecraft:bucket":2,"minecraft:birch_planks":40,"minecraft:stone_axe":1,"minecraft:bread":20,"minecraft:acacia_boat":2,"minecraft:air":0,"minecraft:diamond_pickaxe":1,"minecraft:iron_chestplate":1,"minecraft:charcoal":7,"minecraft:golden_apple":3,"minecraft:shield":1,"minecraft:black_bed":1,"minecraft:stick":56,"minecraft:stone_slab":2,"minecraft:redstone_torch":4,"minecraft:iron_ingot":45,"minecraft:iron_pickaxe":3,"minecraft:wooden_axe":1,"minecraft:black_carpet":6,"minecraft:iron_leggings":1,"minecraft:gold_ingot":14,"minecraft:acacia_planks":156,"minecraft:torch":48,"minecraft:shears":1},"minecraft:picked_up":{"minecraft:wooden_axe":2,"minecraft:crafting_table":10,"minecraft:wheat":60,"minecraft:wooden_pickaxe":2,"minecraft:acacia_pressure_plate":2,"minecraft:potion":1,"minecraft:birch_button":7,"minecraft:brewing_stand":1,"minecraft:shield":1,"minecraft:string":8,"minecraft:raw_copper":165,"minecraft:acacia_door":2,"minecraft:flint_and_steel":2,"minecraft:gold_nugget":3,"minecraft:cobbled_deepslate":587,"livingthings:ostrich":2,"minecraft:redstone_torch":7,"minecraft:poppy":1,"minecraft:light_gray_wool":1,"minecraft:minecart":10,"minecraft:chest":3,"minecraft:furnace":2,"minecraft:egg":2,"minecraft:stick":16,"minecraft:raw_iron":44,"minecraft:acacia_fence":2,"minecraft:copper_ingot":1,"minecraft:torch":37,"minecraft:acacia_log":40,"minecraft:porkchop":2,"minecraft:diorite":117,"minecraft:carrot":6,"minecraft:redstone":89,"minecraft:orange_bed":11,"minecraft:stone_sword":3,"minecraft:arrow":12,"minecraft:rotten_flesh":12,"minecraft:stone_shovel":1,"minecraft:peony":1,"minecraft:yellow_terracotta":34,"minecraft:leather_horse_armor":1,"minecraft:mutton":3,"minecraft:iron_bars":2,"minecraft:white_wool":1,"minecraft:rail":29,"minecraft:cobblestone":428,"minecraft:polished_diorite_slab":1,"minecraft:birch_log":17,"minecraft:leather_chestplate":1,"minecraft:feather":19,"minecraft:andesite":44,"minecraft:black_bed":2,"minecraft:leather":4,"livingthings:giraffe":4,"minecraft:acacia_wood":9,"minecraft:birch_planks":13,"minecraft:tuff":36,"minecraft:oak_log":8,"minecraft:yellow_glazed_terracotta":1,"minecraft:gunpowder":5,"minecraft:acacia_boat":16,"minecraft:lapis_lazuli":33,"minecraft:dirt":186,"minecraft:bone":3,"minecraft:acacia_trapdoor":1,"minecraft:acacia_planks":185,"minecraft:stonecutter":1,"minecraft:wheat_seeds":208,"minecraft:raw_gold":11,"minecraft:stone_pickaxe":3,"minecraft:iron_ingot":4,"minecraft:cobweb":6,"minecraft:powered_rail":8,"minecraft:glass_bottle":2,"minecraft:acacia_sapling":6,"minecraft:oak_planks":23,"minecraft:birch_boat":1,"minecraft:sand":48,"minecraft:gravel":26,"minecraft:acacia_stairs":5,"minecraft:spider_eye":1,"minecraft:mossy_cobblestone":5,"minecraft:stripped_acacia_log":2,"minecraft:polished_andesite":4,"minecraft:diamond":5,"minecraft:slime_ball":3,"minecraft:stone_axe":2,"minecraft:granite":57,"minecraft:gray_wool":1,"minecraft:golden_apple":2,"minecraft:bread":19,"minecraft:oak_sapling":2,"minecraft:black_wool":10,"minecraft:melon_seeds":3,"minecraft:coal":53,"minecraft:oak_leaves":5}},"DataVersion":3465}