{"stats":{"minecraft:crafted":{"minecraft:cooked_beef":3,"minecraft:wooden_sword":1,"minecraft:shield":2,"minecraft:crafting_table":3,"minecraft:stick":20,"minecraft:iron_pickaxe":1,"minecraft:iron_ingot":8,"minecraft:wooden_pickaxe":1,"minecraft:stone_pickaxe":3,"minecraft:iron_sword":1,"minecraft:furnace":2,"minecraft:dark_oak_planks":40,"minecraft:torch":32,"minecraft:air":0},"minecraft:killed":{"minecraft:skeleton":1,"minecraft:zombie":6,"minecraft:spider":2,"minecraft:cow":1},"minecraft:used":{"minecraft:moss_block":1,"minecraft:stone_pickaxe":272,"minecraft:iron_pickaxe":47,"minecraft:wooden_pickaxe":27,"minecraft:iron_sword":37,"minecraft:torch":31,"minecraft:wooden_sword":15,"minecraft:dirt":21,"minecraft:cobblestone":21,"minecraft:crafting_table":5,"minecraft:furnace":2,"minecraft:cooked_beef":3},"minecraft:custom":{"minecraft:time_since_rest":54721,"minecraft:interact_with_furnace":16,"minecraft:sprint_one_cm":53166,"minecraft:damage_taken":115,"minecraft:walk_one_cm":118471,"minecraft:mob_kills":10,"minecraft:damage_dealt":1755,"minecraft:interact_with_crafting_table":15,"minecraft:fly_one_cm":55017,"minecraft:crouch_one_cm":13287,"minecraft:play_time":54721,"minecraft:sneak_time":4965,"minecraft:walk_under_water_one_cm":1980,"minecraft:jump":653,"minecraft:leave_game":1,"minecraft:walk_on_water_one_cm":12093,"minecraft:time_since_death":54721,"minecraft:climb_one_cm":647,"minecraft:total_world_time":54721,"minecraft:fall_one_cm":11944},"minecraft:picked_up":{"minecraft:raw_iron":8,"minecraft:crafting_table":2,"minecraft:clay_ball":40,"minecraft:andesite":1,"minecraft:torch":1,"minecraft:red_mushroom":2,"minecraft:string":3,"minecraft:dark_oak_log":10,"minecraft:dirt":52,"minecraft:moss_carpet":3,"minecraft:arrow":2,"minecraft:rotten_flesh":3,"minecraft:diamond":1,"minecraft:cobbled_deepslate":5,"minecraft:raw_gold":3,"minecraft:iron_ingot":1,"minecraft:beef":3,"minecraft:moss_block":8,"minecraft:glow_berries":3,"minecraft:coal":34,"minecraft:cobblestone":258,"minecraft:furnace":1},"minecraft:mined":{"minecraft:furnace":1,"minecraft:dark_oak_leaves":1,"minecraft:deepslate_diamond_ore":1,"minecraft:iron_ore":8,"minecraft:dark_oak_log":10,"minecraft:andesite":1,"minecraft:clay":14,"minecraft:crafting_table":2,"minecraft:grass":1,"minecraft:grass_block":7,"minecraft:coal_ore":34,"minecraft:cave_vines":1,"minecraft:dirt":40,"minecraft:mushroom_stem":5,"minecraft:tall_grass":3,"minecraft:cobblestone":7,"minecraft:red_mushroom_block":15,"minecraft:deepslate_gold_ore":3,"minecraft:stone":251,"minecraft:deepslate":6,"minecraft:wall_torch":1,"minecraft:oak_leaves":3},"minecraft:broken":{"minecraft:stone_pickaxe":2}},"DataVersion":3465}