{"stats":{"minecraft:crafted":{"minecraft:wooden_sword":1,"minecraft:dark_oak_planks":28,"minecraft:crafting_table":2,"minecraft:stick":4,"minecraft:wooden_pickaxe":1},"minecraft:killed":{"minecraft:cow":1},"minecraft:used":{"minecraft:wooden_sword":4,"minecraft:dirt":3,"minecraft:crafting_table":1,"minecraft:wooden_pickaxe":25},"minecraft:custom":{"minecraft:time_since_rest":18721,"minecraft:crouch_one_cm":438,"minecraft:sprint_one_cm":27965,"minecraft:play_time":18721,"minecraft:walk_one_cm":25866,"minecraft:sneak_time":301,"minecraft:mob_kills":1,"minecraft:jump":216,"minecraft:damage_dealt":100,"minecraft:leave_game":1,"minecraft:time_since_death":18721,"minecraft:total_world_time":18721,"minecraft:climb_one_cm":647,"minecraft:interact_with_crafting_table":3,"minecraft:fall_one_cm":4864,"minecraft:fly_one_cm":26371},"minecraft:picked_up":{"minecraft:red_mushroom":2,"minecraft:beef":3,"minecraft:dark_oak_log":7,"minecraft:dirt":11,"minecraft:cobblestone":15},"minecraft:mined":{"minecraft:grass_block":3,"minecraft:dirt":8,"minecraft:dark_oak_leaves":1,"minecraft:mushroom_stem":5,"minecraft:stone":15,"minecraft:red_mushroom_block":15,"minecraft:dark_oak_log":7,"minecraft:oak_leaves":3}},"DataVersion":3465}